Country Name,Country Code,Series Name,Series Code,1960 [YR1960],1961 [YR1961],1962 [YR1962],1963 [YR1963],1964 [YR1964],1965 [YR1965],1966 [YR1966],1967 [YR1967],1968 [YR1968],1969 [YR1969],1970 [YR1970],1971 [YR1971],1972 [YR1972],1973 [YR1973],1974 [YR1974],1975 [YR1975],1976 [YR1976],1977 [YR1977],1978 [YR1978],1979 [YR1979],1980 [YR1980],1981 [YR1981],1982 [YR1982],1983 [YR1983],1984 [YR1984],1985 [YR1985],1986 [YR1986],1987 [YR1987],1988 [YR1988],1989 [YR1989],1990 [YR1990],1991 [YR1991],1992 [YR1992],1993 [YR1993],1994 [YR1994],1995 [YR1995],1996 [YR1996],1997 [YR1997],1998 [YR1998],1999 [YR1999],2000 [YR2000],2001 [YR2001],2002 [YR2002],2003 [YR2003],2004 [YR2004],2005 [YR2005],2006 [YR2006],2007 [YR2007],2008 [YR2008],2009 [YR2009],2010 [YR2010],2011 [YR2011],2012 [YR2012],2013 [YR2013],2014 [YR2014],2015 [YR2015],2016 [YR2016],2017 [YR2017],2018 [YR2018],2019 [YR2019],2020 [YR2020]
Afghanistan,AFG,"GDP, PPP (current international $)",NY.GDP.MKTP.PP.CD,..,..,..,..,..,..,..,..,..,..,..,..,..,..,..,..,..,..,..,..,..,..,..,..,..,..,..,..,..,..,..,..,..,..,..,..,..,..,..,..,..,..,19821201272,21972474899,22883102403,26245649892,28488533288,33298540638,35278625597,43151385722,49924017473,51184181904,59667003515,65039839449,69058343420,71831696728,75330255840,79945392646,83337636266,87250728944,..
Albania,ALB,"GDP, PPP (current international $)",NY.GDP.MKTP.PP.CD,..,..,..,..,..,..,..,..,..,..,..,..,..,..,..,..,..,..,..,..,..,..,..,..,..,..,..,..,..,..,8376986178,6235212803,5918963420,6638424150,7343128919,8495890852,9438735431,8553014291,9451311883,10792604266,11930662644,13162918485,14221877961,15181621919,16414493746,17663349396,19627035265,21609262463,24251491685,25825145933,28067491386,29655560726,30530476595,30603951467,32529133251,33594691763,34521644437,37461287688,39653392851,41371722639,..
Algeria,DZA,"GDP, PPP (current international $)",NY.GDP.MKTP.PP.CD,..,..,..,..,..,..,..,..,..,..,..,..,..,..,..,..,..,..,..,..,..,..,..,..,..,..,..,..,..,..,1.78E+11,1.82E+11,1.89E+11,1.90E+11,1.92E+11,2.04E+11,2.16E+11,2.22E+11,2.36E+11,2.47E+11,2.62E+11,2.76E+11,2.96E+11,3.23E+11,3.46E+11,3.78E+11,3.96E+11,4.21E+11,4.39E+11,4.50E+11,4.71E+11,4.95E+11,4.97E+11,4.98E+11,5.06E+11,4.77E+11,4.71E+11,4.78E+11,4.96E+11,5.09E+11,..
American Samoa,ASM,"GDP, PPP (current international $)",NY.GDP.MKTP.PP.CD,..,..,..,..,..,..,..,..,..,..,..,..,..,..,..,..,..,..,..,..,..,..,..,..,..,..,..,..,..,..,..,..,..,..,..,..,..,..,..,..,..,..,..,..,..,..,..,..,..,..,..,..,..,..,..,..,..,..,..,..,..
Andorra,AND,"GDP, PPP (current international $)",NY.GDP.MKTP.PP.CD,..,..,..,..,..,..,..,..,..,..,..,..,..,..,..,..,..,..,..,..,..,..,..,..,..,..,..,..,..,..,..,..,..,..,..,..,..,..,..,..,..,..,..,..,..,..,..,..,..,..,..,..,..,..,..,..,..,..,..,..,..
Angola,AGO,"GDP, PPP (current international $)",NY.GDP.MKTP.PP.CD,..,..,..,..,..,..,..,..,..,..,..,..,..,..,..,..,..,..,..,..,..,..,..,..,..,..,..,..,..,..,38709470949,40415258105,38922956457,30288921639,31350046351,36808514524,42559256789,46442408240,49168329924,50966312280,53697282995,57183138420,66025714961,69262605548,78917776860,93605953258,1.08E+11,1.26E+11,1.43E+11,1.45E+11,1.54E+11,1.63E+11,1.86E+11,2.00E+11,2.20E+11,2.05E+11,2.05E+11,2.18E+11,2.19E+11,2.21E+11,..
Antigua and Barbuda,ATG,"GDP, PPP (current international $)",NY.GDP.MKTP.PP.CD,..,..,..,..,..,..,..,..,..,..,..,..,..,..,..,..,..,..,..,..,..,..,..,..,..,..,..,..,..,..,725017797.1,765852579.9,792378893.7,853982006.1,930448716,908545265.1,986287531.8,1058186578,1120726316,1179062729,1286084000,1249182221,1281936562,1384844083,1503706773,1649973688,1916277837,2149957059,2191116103,1940507462,1814425572,1816047262,1771798543,1720170789,1762288335,1769549897,1882863522,1893259104,2081131964,2215888205,..
Argentina,ARG,"GDP, PPP (current international $)",NY.GDP.MKTP.PP.CD,..,..,..,..,..,..,..,..,..,..,..,..,..,..,..,..,..,..,..,..,..,..,..,..,..,..,..,..,..,..,2.35E+11,2.65E+11,2.92E+11,3.24E+11,3.50E+11,3.47E+11,3.73E+11,4.10E+11,4.31E+11,4.22E+11,4.28E+11,4.18E+11,3.79E+11,4.20E+11,4.70E+11,5.28E+11,5.87E+11,6.58E+11,6.98E+11,6.61E+11,7.37E+11,7.97E+11,8.20E+11,8.50E+11,8.40E+11,8.67E+11,8.85E+11,1.04E+12,1.04E+12,1.03E+12,..
Armenia,ARM,"GDP, PPP (current international $)",NY.GDP.MKTP.PP.CD,..,..,..,..,..,..,..,..,..,..,..,..,..,..,..,..,..,..,..,..,..,..,..,..,..,..,..,..,..,..,9814665773,8959424810,5333216050,4979132362,5360070445,5850061875,6306590694,6628399567,7192322818,7536939293,8160045755,9139577172,10509650581,12203500269,13847909043,16264081042,18968092454,22146063391,24134635012,20889699218,21598045116,23085520248,27009096449,28500152360,29231468082,29166842741,31429192104,35676528915,38417341116,42057833683,..
Aruba,ABW,"GDP, PPP (current international $)",NY.GDP.MKTP.PP.CD,..,..,..,..,..,..,..,..,..,..,..,..,..,..,..,..,..,..,..,..,..,..,..,..,..,..,..,..,..,..,1448632316,1616875214,1751000102,1923475579,2125718764,2225571947,2293196644,2497125593,2575533501,2645065705,2910162905,2885630125,2835314410,2945022088,3263578403,3406102722,3546046053,3706854416,3775529800,3404108437,3316870714,3502845775,3442855767,3763011244,3781966851,3836108976,3917952211,4050523376,..,..,..
Australia,AUS,"GDP, PPP (current international $)",NY.GDP.MKTP.PP.CD,..,..,..,..,..,..,..,..,..,..,..,..,..,..,..,..,..,..,..,..,..,..,..,..,..,..,..,..,..,..,2.96E+11,3.07E+11,3.18E+11,3.38E+11,3.58E+11,3.77E+11,4.02E+11,4.25E+11,4.52E+11,4.78E+11,5.04E+11,5.31E+11,5.64E+11,5.92E+11,6.30E+11,6.64E+11,7.10E+11,7.61E+11,7.96E+11,8.74E+11,8.66E+11,9.38E+11,9.74E+11,1.06E+12,1.10E+12,1.10E+12,1.15E+12,1.20E+12,1.28E+12,1.35E+12,..
Austria,AUT,"GDP, PPP (current international $)",NY.GDP.MKTP.PP.CD,..,..,..,..,..,..,..,..,..,..,..,..,..,..,..,..,..,..,..,..,..,..,..,..,..,..,..,..,..,..,1.49E+11,1.60E+11,1.67E+11,1.71E+11,1.79E+11,1.88E+11,1.95E+11,2.03E+11,2.13E+11,2.21E+11,2.35E+11,2.39E+11,2.52E+11,2.61E+11,2.76E+11,2.88E+11,3.11E+11,3.27E+11,3.44E+11,3.42E+11,3.52E+11,3.73E+11,3.92E+11,4.06E+11,4.17E+11,4.31E+11,4.60E+11,4.81E+11,5.03E+11,5.25E+11,..
Azerbaijan,AZE,"GDP, PPP (current international $)",NY.GDP.MKTP.PP.CD,..,..,..,..,..,..,..,..,..,..,..,..,..,..,..,..,..,..,..,..,..,..,..,..,..,..,..,..,..,..,38372744920,39392724404,31184807122,24549296764,20134034153,18130578048,18702567635,20128527280,22390586001,24394687744,27708367369,31119426600,34595460526,38835124894,43571124846,57490995229,79645398628,1.03E+11,1.16E+11,1.27E+11,1.35E+11,1.36E+11,1.48E+11,1.62E+11,1.66E+11,1.44E+11,1.40E+11,1.39E+11,1.45E+11,1.50E+11,..
"Bahamas, The",BHS,"GDP, PPP (current international $)",NY.GDP.MKTP.PP.CD,..,..,..,..,..,..,..,..,..,..,..,..,..,..,..,..,..,..,..,..,..,..,..,..,..,..,..,..,..,..,5508065650,5456210139,5367063572,5511135918,5806066321,6187373828,6566777120,6817771935,7219685564,7847153140,8355450342,8762920741,9142276726,9194285983,9525171784,10155362989,10726015053,11173470262,11126090341,10742825400,11035240656,11334803748,11713401055,11696246707,12068674582,12551675126,12918665946,13479375208,14013481834,14514363029,..
Bahrain,BHR,"GDP, PPP (current international $)",NY.GDP.MKTP.PP.CD,..,..,..,..,..,..,..,..,..,..,..,..,..,..,..,..,..,..,..,..,..,..,..,..,..,..,..,..,..,..,13328441547,15326578270,16724571520,19324274619,19687578476,20890337553,22147161352,23225888958,24612343460,26041308042,28034516575,29363075270,30826319472,33375800391,36667026445,40368485982,44279752028,49240429570,53333105096,55104616844,58162953476,60555691597,65875368138,67716644747,68275971746,62674723144,63861304143,71181343281,74287027092,76957607395,..
Bangladesh,BGD,"GDP, PPP (current international $)",NY.GDP.MKTP.PP.CD,..,..,..,..,..,..,..,..,..,..,..,..,..,..,..,..,..,..,..,..,..,..,..,..,..,..,..,..,..,..,87748263788,93877344335,1.01E+11,1.09E+11,1.15E+11,1.24E+11,1.32E+11,1.40E+11,1.49E+11,1.58E+11,1.70E+11,1.83E+11,1.93E+11,2.05E+11,2.22E+11,2.44E+11,2.68E+11,2.95E+11,3.18E+11,3.37E+11,3.60E+11,3.91E+11,4.44E+11,4.80E+11,5.20E+11,5.56E+11,6.08E+11,6.64E+11,7.34E+11,8.07E+11,..
Barbados,BRB,"GDP, PPP (current international $)",NY.GDP.MKTP.PP.CD,..,..,..,..,..,..,..,..,..,..,..,..,..,..,..,..,..,..,..,..,..,..,..,..,..,..,..,..,..,..,2499682342,2483433495,2395437009,2471639173,2575178585,2682127282,2839844910,3025747727,3173886821,3230486447,3449580617,3441856192,3523828108,3667352806,3819247738,4093989531,4466850968,4687849278,4812536630,4602990809,4550155554,4613928269,4343448701,4359599661,4322360546,4425610430,4559037886,4519281463,4599076821,4674770295,..
Belarus,BLR,"GDP, PPP (current international $)",NY.GDP.MKTP.PP.CD,..,..,..,..,..,..,..,..,..,..,..,..,..,..,..,..,..,..,..,..,..,..,..,..,..,..,..,..,..,..,53309645725,54451100763,50345559504,47621468559,42947676408,39288001961,41127585825,46606182134,51089722708,53589487605,57965141851,62035672869,66196302880,72174548288,82603919630,93183621902,1.06E+11,1.18E+11,1.32E+11,1.34E+11,1.46E+11,1.57E+11,1.71E+11,1.79E+11,1.80E+11,1.71E+11,1.68E+11,1.74E+11,1.83E+11,1.89E+11,..
Belgium,BEL,"GDP, PPP (current international $)",NY.GDP.MKTP.PP.CD,..,..,..,..,..,..,..,..,..,..,..,..,..,..,..,..,..,..,..,..,..,..,..,..,..,..,..,..,..,..,1.86E+11,1.96E+11,2.03E+11,2.06E+11,2.17E+11,2.27E+11,2.31E+11,2.42E+11,2.49E+11,2.60E+11,2.85E+11,2.96E+11,3.13E+11,3.21E+11,3.34E+11,3.48E+11,3.71E+11,3.91E+11,4.06E+11,4.08E+11,4.34E+11,4.52E+11,4.70E+11,4.87E+11,5.04E+11,5.21E+11,5.51E+11,5.77E+11,5.97E+11,6.26E+11,..
Belize,BLZ,"GDP, PPP (current international $)",NY.GDP.MKTP.PP.CD,..,..,..,..,..,..,..,..,..,..,..,..,..,..,..,..,..,..,..,..,..,..,..,..,..,..,..,..,..,..,625500587.2,720786080.2,826115829.1,898761654,919407320.8,944733114.7,975771301.6,1027781729,1078228018,1189819814,1374753312,1470674157,1564774380,1742595039,1875176920,1971141970,2128758737,2197001042,2317948279,2340745759,2439104662,2537811117,2458230065,2498480518,2533821315,2614739805,2644913918,2671291731,2791470929,2847714969,..
Benin,BEN,"GDP, PPP (current international $)",NY.GDP.MKTP.PP.CD,..,..,..,..,..,..,..,..,..,..,..,..,..,..,..,..,..,..,..,..,..,..,..,..,..,..,..,..,..,..,6270776393,6756790491,7115172194,7708842783,8032531108,8696724039,9238920765,9937195430,10447084313,11164002187,12082144945,13005648454,13824774838,14566421817,15621198734,16383743019,17545233925,19095081324,20419698276,21052570732,21748137022,22860459983,24308499989,26709146743,29146860809,30530995255,32668486802,34023063768,37158284361,40401850886,..
Bermuda,BMU,"GDP, PPP (current international $)",NY.GDP.MKTP.PP.CD,..,..,..,..,..,..,..,..,..,..,..,..,..,..,..,..,..,..,..,..,..,..,..,..,..,..,..,..,..,..,1747651973,1742895704,1781549817,1878628767,1930249651,2057418780,2149573086,2287225578,2403174552,2520336303,2816750853,3086434469,3088922058,3253596862,3418748529,3584260404,3897447318,4116040231,4260214633,4065858909,4027100513,3973928713,3794787656,3865908376,..,..,..,..,..,..,..
Bhutan,BTN,"GDP, PPP (current international $)",NY.GDP.MKTP.PP.CD,..,..,..,..,..,..,..,..,..,..,..,..,..,..,..,..,..,..,..,..,..,..,..,..,..,..,..,..,..,..,800098724.3,823782337.2,881320645.3,920122636.7,986303519,1078219915,1159065964,1242413190,1330700494,1457689891,1593597379,1764518791,1989458177,2184936046,2378580863,2631404631,2900801762,3525644808,3766726573,4051571320,4588418545,5058193225,5551018264,5674556894,6231640988,6915381146,7703914682,8307416844,8760900092,..,..
Bolivia,BOL,"GDP, PPP (current international $)",NY.GDP.MKTP.PP.CD,..,..,..,..,..,..,..,..,..,..,..,..,..,..,..,..,..,..,..,..,..,..,..,..,..,..,..,..,..,..,16301788687,17740647194,18443696175,19686750670,21045591836,22492097314,23902853714,25519649848,27104797580,27613515719,28938783152,30071493194,31306422245,32752399546,35037816257,37726654104,40732857693,43736202762,47328355639,49290089166,51922207793,55765338147,61452959795,69841188111,75554053124,77543289243,82736157903,94285208356,1.01E+11,1.05E+11,..
Bosnia and Herzegovina,BIH,"GDP, PPP (current international $)",NY.GDP.MKTP.PP.CD,..,..,..,..,..,..,..,..,..,..,..,..,..,..,..,..,..,..,..,..,..,..,..,..,..,..,..,..,..,..,..,..,..,..,3752039579,4627501868,8904125257,12172560345,14229856747,15821097421,17064386657,17842951739,19310143107,20214975389,23340458089,24398125368,27883174430,30809763434,33896653245,33762957418,34663026118,36525700073,37145900944,39027264522,39811461257,41200068497,43987661862,46212469927,49634148336,52128318315,..
Botswana,BWA,"GDP, PPP (current international $)",NY.GDP.MKTP.PP.CD,..,..,..,..,..,..,..,..,..,..,..,..,..,..,..,..,..,..,..,..,..,..,..,..,..,..,..,..,..,..,7311443377,8122479864,8549921797,8920200558,9441208467,10316848204,11118217266,12251591978,12444453774,13844531993,14435361891,14788955410,15934700074,16981434152,17910468091,19309906972,21558194889,23969560825,25961922969,24158011298,26532422521,28724946144,27718549211,30335164231,34046156598,32971144652,37281202790,38045584113,40687546271,42624886832,..
Brazil,BRA,"GDP, PPP (current international $)",NY.GDP.MKTP.PP.CD,..,..,..,..,..,..,..,..,..,..,..,..,..,..,..,..,..,..,..,..,..,..,..,..,..,..,..,..,..,..,9.99E+11,1.05E+12,1.07E+12,1.14E+12,1.23E+12,1.31E+12,1.36E+12,1.44E+12,1.46E+12,1.48E+12,1.58E+12,1.64E+12,1.72E+12,1.77E+12,1.92E+12,2.05E+12,2.19E+12,2.39E+12,2.56E+12,2.57E+12,2.80E+12,2.97E+12,3.00E+12,3.13E+12,3.19E+12,3.01E+12,2.94E+12,3.02E+12,3.13E+12,3.22E+12,..
British Virgin Islands,VGB,"GDP, PPP (current international $)",NY.GDP.MKTP.PP.CD,..,..,..,..,..,..,..,..,..,..,..,..,..,..,..,..,..,..,..,..,..,..,..,..,..,..,..,..,..,..,..,..,..,..,..,..,..,..,..,..,..,..,..,..,..,..,..,..,..,..,..,..,..,..,..,..,..,..,..,..,..
Brunei Darussalam,BRN,"GDP, PPP (current international $)",NY.GDP.MKTP.PP.CD,..,..,..,..,..,..,..,..,..,..,..,..,..,..,..,..,..,..,..,..,..,..,..,..,..,..,..,..,..,..,14466035683,15425724799,16528036746,16971164871,17878772973,19071188715,19979368540,20024891680,20137176344,21051409730,22135261424,23241505278,24523299248,25704091177,26529220186,27461594982,29536870002,30377197844,30367382092,30058959574,31199547022,33044207206,35209872642,33885246844,33344140243,25948980973,23633069099,25891019750,26515812097,28021970171,..
Bulgaria,BGR,"GDP, PPP (current international $)",NY.GDP.MKTP.PP.CD,..,..,..,..,..,..,..,..,..,..,..,..,..,..,..,..,..,..,..,..,..,..,..,..,..,..,..,..,..,..,65709629870,62194689836,58985934756,59489671737,61864625171,64968369741,57173536435,47781773048,51007006826,47685794314,52488430058,55759141411,61023165058,65373281345,70942301509,78822084261,86608671602,96565937176,1.07E+11,1.06E+11,1.10E+11,1.15E+11,1.19E+11,1.20E+11,1.27E+11,1.32E+11,1.42E+11,1.51E+11,1.59E+11,1.71E+11,..
Burkina Faso,BFA,"GDP, PPP (current international $)",NY.GDP.MKTP.PP.CD,..,..,..,..,..,..,..,..,..,..,..,..,..,..,..,..,..,..,..,..,..,..,..,..,..,..,..,..,..,..,5197657136,5860798394,6008310142,6363562001,6584916367,7107302250,8034624532,8689458703,9429408685,10273801311,10701824789,11659840501,12359848401,13571668357,14561210413,16315345253,17860180507,19093979812,20594373475,21366020199,23440650604,25515102555,26835475975,28735314121,29760893894,31032905190,35310579539,39413493483,43094804969,46340464706,..
Burundi,BDI,"GDP, PPP (current international $)",NY.GDP.MKTP.PP.CD,..,..,..,..,..,..,..,..,..,..,..,..,..,..,..,..,..,..,..,..,..,..,..,..,..,..,..,..,..,..,3345350710,3631297002,3751562787,3600803880,3536838975,3325009279,3115019926,3118352165,3303238723,3317086594,3362180906,3506563883,3720415742,3743134143,4029708576,4192628760,4553356026,4837073838,5170900206,5408976901,5752399508,6109378664,6386094258,7069203706,7649427871,8551152239,8358351140,8375481077,8711138069,9026329302,..
Cabo Verde,CPV,"GDP, PPP (current international $)",NY.GDP.MKTP.PP.CD,..,..,..,..,..,..,..,..,..,..,..,..,..,..,..,..,..,..,..,..,..,..,..,..,..,..,..,..,..,..,359431219.7,376803922.7,427543640.3,475787305.3,579164670.6,675343429,765740267.2,865551005.9,984855879.4,1111197968,1298320125,1356407351,1450212562,1538833770,1741402948,1919769965,2135774030,2525862345,2746244180,2732025196,2804400162,2976609860,2939948400,2964468795,2979100326,3145505183,3358352135,3570702549,3820572282,4107506078,..
Cambodia,KHM,"GDP, PPP (current international $)",NY.GDP.MKTP.PP.CD,..,..,..,..,..,..,..,..,..,..,..,..,..,..,..,..,..,..,..,..,..,..,..,..,..,..,..,..,..,..,..,..,..,11267445521,7502253244,8418125259,9077813464,9604335900,10167135123,11624352502,13157248091,14447101551,15641120651,17286715656,19587772828,22874162699,26104736363,29543563141,32133608685,32406650490,34739220892,37972104979,42401242882,45764054823,48654438003,52598070985,57941724641,62890960722,69183270853,75354943361,..
Cameroon,CMR,"GDP, PPP (current international $)",NY.GDP.MKTP.PP.CD,..,..,..,..,..,..,..,..,..,..,..,..,..,..,..,..,..,..,..,..,..,..,..,..,..,..,..,..,..,..,21856882109,21735436262,21541612451,20302814810,21176783633,22371022744,23774126625,25449232616,26894363697,28453642063,30123382459,32128792500,34019889758,36234280996,39732963802,41798500646,44552398864,47991918638,50632335350,52140052680,54552906080,57992159983,61350020204,66289532991,72249773159,75964910602,81471243201,87320624933,93012146160,98435605135,..
Canada,CAN,"GDP, PPP (current international $)",NY.GDP.MKTP.PP.CD,..,..,..,..,..,..,..,..,..,..,..,..,..,..,..,..,..,..,..,..,..,..,..,..,..,..,..,..,..,..,5.58E+11,5.65E+11,5.83E+11,6.13E+11,6.54E+11,6.86E+11,7.10E+11,7.53E+11,7.91E+11,8.44E+11,8.98E+11,9.34E+11,9.68E+11,1.02E+12,1.08E+12,1.17E+12,1.24E+12,1.30E+12,1.34E+12,1.30E+12,1.36E+12,1.43E+12,1.47E+12,1.55E+12,1.62E+12,1.59E+12,1.68E+12,1.78E+12,1.86E+12,1.93E+12,..
Cayman Islands,CYM,"GDP, PPP (current international $)",NY.GDP.MKTP.PP.CD,..,..,..,..,..,..,..,..,..,..,..,..,..,..,..,..,..,..,..,..,..,..,..,..,..,..,..,..,..,..,..,..,..,..,..,..,..,..,..,..,..,..,..,..,..,..,3622388219,3837335701,3897995484,3644897649,3587234324,3704981221,3702634809,3742216953,3837526367,3964557951,4160243392,4400010857,4651364057,..,..
Central African Republic,CAF,"GDP, PPP (current international $)",NY.GDP.MKTP.PP.CD,..,..,..,..,..,..,..,..,..,..,..,..,..,..,..,..,..,..,..,..,..,..,..,..,..,..,..,..,..,..,1783507772,1833633739,1754942088,1802544885,1931245880,2113707087,2066311326,2213344228,2343457082,2462873910,2455248640,2621127572,2758881203,2658440644,2893672534,3010908030,3250024497,3491097825,3632110886,3974076864,4206561537,4474567487,4889047037,3284695705,3215650001,3536183568,3861897992,4195263791,4456987618,4669395141,..
Chad,TCD,"GDP, PPP (current international $)",NY.GDP.MKTP.PP.CD,..,..,..,..,..,..,..,..,..,..,..,..,..,..,..,..,..,..,..,..,..,..,..,..,..,..,..,..,..,..,4164613407,4672926559,5161840720,4454009537,5010258643,5178568709,5390167697,5793097285,6265544170,6312604308,6396948803,7299383801,8044452609,9400116440,12899493839,15606758921,16183285768,17161672209,18029572666,18933250752,21749239339,22221960066,22127764665,20743635471,22915027718,25682812591,24238063014,23832085167,24973582398,26234112465,..
Channel Islands,CHI,"GDP, PPP (current international $)",NY.GDP.MKTP.PP.CD,..,..,..,..,..,..,..,..,..,..,..,..,..,..,..,..,..,..,..,..,..,..,..,..,..,..,..,..,..,..,..,..,..,..,..,..,..,..,..,..,..,..,..,..,..,..,..,..,..,..,..,..,..,..,..,..,..,..,..,..,..
Chile,CHL,"GDP, PPP (current international $)",NY.GDP.MKTP.PP.CD,..,..,..,..,..,..,..,..,..,..,..,..,..,..,..,..,..,..,..,..,..,..,..,..,..,..,..,..,..,..,59884080750,66835784571,77143487637,85334371293,93055582546,1.06E+11,1.17E+11,1.28E+11,1.35E+11,1.36E+11,1.47E+11,1.55E+11,1.62E+11,1.72E+11,1.89E+11,2.06E+11,2.58E+11,2.80E+11,2.76E+11,2.73E+11,3.10E+11,3.51E+11,3.74E+11,3.94E+11,4.05E+11,4.08E+11,4.14E+11,4.37E+11,4.64E+11,4.77E+11,..
China,CHN,"GDP, PPP (current international $)",NY.GDP.MKTP.PP.CD,..,..,..,..,..,..,..,..,..,..,..,..,..,..,..,..,..,..,..,..,..,..,..,..,..,..,..,..,..,..,1.12E+12,1.26E+12,1.47E+12,1.72E+12,1.98E+12,2.24E+12,2.51E+12,2.79E+12,3.04E+12,3.32E+12,3.69E+12,4.08E+12,4.53E+12,5.07E+12,5.74E+12,6.59E+12,7.65E+12,8.98E+12,1.00E+13,1.11E+13,1.24E+13,1.38E+13,1.51E+13,1.62E+13,1.71E+13,1.78E+13,1.87E+13,1.99E+13,2.17E+13,2.35E+13,..
Colombia,COL,"GDP, PPP (current international $)",NY.GDP.MKTP.PP.CD,..,..,..,..,..,..,..,..,..,..,..,..,..,..,..,..,..,..,..,..,..,..,..,..,..,..,..,..,..,..,1.66E+11,1.75E+11,1.86E+11,2.01E+11,2.17E+11,2.33E+11,2.42E+11,2.55E+11,2.59E+11,2.52E+11,2.65E+11,2.76E+11,2.87E+11,3.04E+11,3.28E+11,3.55E+11,3.90E+11,4.28E+11,4.50E+11,4.59E+11,4.85E+11,5.30E+11,5.54E+11,5.92E+11,6.25E+11,6.30E+11,6.72E+11,7.00E+11,7.43E+11,7.87E+11,..
Comoros,COM,"GDP, PPP (current international $)",NY.GDP.MKTP.PP.CD,..,..,..,..,..,..,..,..,..,..,..,..,..,..,..,..,..,..,..,..,..,..,..,..,..,..,..,..,..,..,653375808.2,639025396.8,709345690.5,747980654.7,723640739.1,765486984.5,769434529.7,814246707.1,833971599.1,862293248,977201192.3,1021932606,1062232345,1104722039,1156241340,1226088471,1296628558,1342111858,1422946027,1479676881,1553800743,1651292301,1817991276,1954973713,2063131654,2106508753,2278472094,2467927827,2612830027,2730570852,..
"Congo, Dem. Rep.",COD,"GDP, PPP (current international $)",NY.GDP.MKTP.PP.CD,..,..,..,..,..,..,..,..,..,..,..,..,..,..,..,..,..,..,..,..,..,..,..,..,..,..,..,..,..,..,30554562462,28927814576,26480409871,23456641043,23023186298,23670484997,23857274381,22905484750,22787083138,22128994490,21060176245,21070113824,22034314860,23695372343,25972970911,28425131020,30843600276,33654656289,36445343420,37771654915,40927874365,44655249523,46214046396,53767800425,62684684446,69035657197,75926663565,86267287184,93443149858,99240953693,..
"Congo, Rep.",COG,"GDP, PPP (current international $)",NY.GDP.MKTP.PP.CD,..,..,..,..,..,..,..,..,..,..,..,..,..,..,..,..,..,..,..,..,..,..,..,..,..,..,..,..,..,..,7615524679,8061651909,8460734339,8576340597,8278313192,8788730902,9333638584,9435263681,9898076586,9781707095,10758001076,11412026703,12123692944,12449270155,13228898484,14698931880,16088115540,16258899445,17498762837,18949100890,20847579112,22011087478,22089821362,22011487632,22266279521,16214020318,16923260488,17624446004,18328973894,18480730389,..
Costa Rica,CRI,"GDP, PPP (current international $)",NY.GDP.MKTP.PP.CD,..,..,..,..,..,..,..,..,..,..,..,..,..,..,..,..,..,..,..,..,..,..,..,..,..,..,..,..,..,..,15776650518,16679710660,18628743283,20421707789,21793733259,23167773327,23884007821,25647912982,27742212821,29252524210,31052821238,32841605251,34459246073,36592824856,39207578596,41993822488,46396020622,51533724553,54978842055,54860309155,58247832308,62025773108,66061087414,69477332173,74918138321,80407388574,88230343840,94605544822,99354588664,1.03E+11,..
Cote d'Ivoire,CIV,"GDP, PPP (current international $)",NY.GDP.MKTP.PP.CD,..,..,..,..,..,..,..,..,..,..,..,..,..,..,..,..,..,..,..,..,..,..,..,..,..,..,..,..,..,..,24493303204,25331969784,25845898316,26407331879,27190020837,29738267098,32623439466,34428330507,36532485359,37659397374,37704903407,38578699258,38535391861,38717398903,40249503255,42217625708,44154536393,46140929528,48234544140,50182540177,51791592986,50553775704,56584389144,62472328771,70830156790,1.08E+11,1.13E+11,1.18E+11,1.29E+11,1.40E+11,..
Croatia,HRV,"GDP, PPP (current international $)",NY.GDP.MKTP.PP.CD,..,..,..,..,..,..,..,..,..,..,..,..,..,..,..,..,..,..,..,..,..,..,..,..,..,..,..,..,..,..,..,..,..,..,..,36770423996,39558453829,42907510118,44347243211,44421124193,47382874845,49933902311,54412215448,58312557044,62565212793,65962085047,75136163056,83418284099,89539883304,86163548533,84947206694,88795201139,90201146679,92642901897,93507647316,96739632456,1.03E+11,1.10E+11,1.15E+11,1.22E+11,..
Cuba,CUB,"GDP, PPP (current international $)",NY.GDP.MKTP.PP.CD,..,..,..,..,..,..,..,..,..,..,..,..,..,..,..,..,..,..,..,..,..,..,..,..,..,..,..,..,..,..,..,..,..,..,..,..,..,..,..,..,..,..,..,..,..,..,..,..,..,..,..,..,..,..,..,..,..,..,..,..,..
Curacao,CUW,"GDP, PPP (current international $)",NY.GDP.MKTP.PP.CD,..,..,..,..,..,..,..,..,..,..,..,..,..,..,..,..,..,..,..,..,..,..,..,..,..,..,..,..,..,..,..,..,..,..,..,..,..,..,..,..,3038884425,3083933199,3145152627,3212793282,3306166251,3432211818,3593925477,3781621514,3939532072,3948474420,3997771738,4106283623,3980978517,3987244429,3956860925,3963751080,3961008963,4080536557,4086349152,..,..
Cyprus,CYP,"GDP, PPP (current international $)",NY.GDP.MKTP.PP.CD,..,..,..,..,..,..,..,..,..,..,..,..,..,..,..,..,..,..,..,..,..,..,..,..,..,..,..,..,..,..,7726476512,8046836703,9003857032,9281703971,10039217688,11106857972,11433396891,11922588860,12737741776,13501977741,14780314146,16045425528,16716214675,17421216998,18870225579,20504289938,22513299138,25198118571,27398523233,27406516369,27741573354,28345891540,27503409470,26181488763,25611630279,26889780680,30135749614,32461369545,34574175051,36376855079,..
Czech Republic,CZE,"GDP, PPP (current international $)",NY.GDP.MKTP.PP.CD,..,..,..,..,..,..,..,..,..,..,..,..,..,..,..,..,..,..,..,..,..,..,..,..,..,..,..,..,..,..,1.31E+11,1.20E+11,1.22E+11,1.25E+11,1.31E+11,1.42E+11,1.50E+11,1.52E+11,1.53E+11,1.58E+11,1.66E+11,1.79E+11,1.85E+11,1.98E+11,2.12E+11,2.24E+11,2.43E+11,2.69E+11,2.89E+11,2.88E+11,2.90E+11,3.02E+11,3.05E+11,3.21E+11,3.40E+11,3.55E+11,3.79E+11,4.08E+11,4.29E+11,4.54E+11,..
Denmark,DNK,"GDP, PPP (current international $)",NY.GDP.MKTP.PP.CD,..,..,..,..,..,..,..,..,..,..,..,..,..,..,..,..,..,..,..,..,..,..,..,..,..,..,..,..,..,..,93618075912,98132830014,1.02E+11,1.05E+11,1.13E+11,1.19E+11,1.25E+11,1.32E+11,1.37E+11,1.42E+11,1.53E+11,1.58E+11,1.65E+11,1.66E+11,1.78E+11,1.85E+11,2.03E+11,2.13E+11,2.27E+11,2.23E+11,2.39E+11,2.47E+11,2.51E+11,2.62E+11,2.70E+11,2.79E+11,2.98E+11,3.17E+11,3.32E+11,3.48E+11,..
Djibouti,DJI,"GDP, PPP (current international $)",NY.GDP.MKTP.PP.CD,..,..,..,..,..,..,..,..,..,..,..,..,..,..,..,..,..,..,..,..,..,..,..,..,..,..,..,..,..,..,..,..,..,..,..,..,..,..,..,..,..,..,..,..,..,..,..,..,..,..,..,..,..,3624994849,3854585104,4181038016,4359928619,4612122077,5117875833,5596101782,..
Dominica,DMA,"GDP, PPP (current international $)",NY.GDP.MKTP.PP.CD,..,..,..,..,..,..,..,..,..,..,..,..,..,..,..,..,..,..,..,..,..,..,..,..,..,..,..,..,..,..,302734908.7,317186753.1,331000730.1,346169303.3,353681543.3,372039517.9,390614732.6,406033756.4,426099307.5,433784886.5,453857331.7,463521068.8,457533017.7,495638542.2,524509675.6,544397072.3,587001302.6,641068337.1,700074712.3,697160127.5,710028908.2,723240297.8,705767394.6,720553048.3,775558493.9,792974988,852085425.2,807786936.2,845572778.1,909042210.9,..
Dominican Republic,DOM,"GDP, PPP (current international $)",NY.GDP.MKTP.PP.CD,..,..,..,..,..,..,..,..,..,..,..,..,..,..,..,..,..,..,..,..,..,..,..,..,..,..,..,..,..,..,26168364887,27308735919,31065204353,34143231556,35779122696,38606201451,41663160850,46147315573,49800139084,53520017837,57267194693,59962698190,63649185862,63958774212,67368761760,76016797704,85502321823,94310295385,99230524887,1.01E+11,1.11E+11,1.16E+11,1.18E+11,1.25E+11,1.37E+11,1.52E+11,1.68E+11,1.76E+11,1.93E+11,2.06E+11,..
Ecuador,ECU,"GDP, PPP (current international $)",NY.GDP.MKTP.PP.CD,..,..,..,..,..,..,..,..,..,..,..,..,..,..,..,..,..,..,..,..,..,..,..,..,..,..,..,..,..,..,49414727010,53278079469,55644373293,58086743625,61853412777,64572867463,66893930914,70992445230,74136569501,71642608047,74043841103,78706481800,83226863411,87080715749,96767828098,1.05E+11,1.13E+11,1.19E+11,1.29E+11,1.30E+11,1.36E+11,1.50E+11,1.60E+11,1.75E+11,1.87E+11,1.79E+11,1.82E+11,1.95E+11,2.02E+11,2.06E+11,..
"Egypt, Arab Rep.",EGY,"GDP, PPP (current international $)",NY.GDP.MKTP.PP.CD,..,..,..,..,..,..,..,..,..,..,..,..,..,..,..,..,..,..,..,..,..,..,..,..,..,..,..,..,..,..,2.08E+11,2.18E+11,2.33E+11,2.45E+11,2.60E+11,2.78E+11,2.98E+11,3.19E+11,3.41E+11,3.67E+11,3.99E+11,4.22E+11,4.39E+11,4.61E+11,4.93E+11,5.31E+11,5.85E+11,6.43E+11,7.02E+11,7.41E+11,7.88E+11,8.19E+11,9.59E+11,9.92E+11,9.85E+11,1.06E+12,1.06E+12,1.06E+12,1.15E+12,1.23E+12,..
El Salvador,SLV,"GDP, PPP (current international $)",NY.GDP.MKTP.PP.CD,..,..,..,..,..,..,..,..,..,..,..,..,..,..,..,..,..,..,..,..,..,..,..,..,..,..,..,..,..,..,15366946201,16124021853,17648852782,19118364929,20442370539,21859246564,22441507666,23544146297,24441076474,25329635159,26187474971,26996664692,27857218682,28817829852,29857283219,31620877152,33992608926,35555194210,37178638969,36680566393,37888844028,40156754598,40803291964,43092722376,45533860834,48056303343,51094653386,54005555165,56623752911,58983579232,..
Equatorial Guinea,GNQ,"GDP, PPP (current international $)",NY.GDP.MKTP.PP.CD,..,..,..,..,..,..,..,..,..,..,..,..,..,..,..,..,..,..,..,..,..,..,..,..,..,..,..,..,..,..,274120341.2,280493494.3,386565033.1,439384896.7,523571733,628022997.6,1065316217,2708923095,3390693738,4322400661,5223898643,8722003541,10584365244,12285432330,17410170853,20959296042,23257333798,27531778937,33063039147,33762635648,31107908524,33829572382,38742501085,37422586821,37816353966,28095292742,24861119032,28459489607,27279377824,26207328980,..
Eritrea,ERI,"GDP, PPP (current international $)",NY.GDP.MKTP.PP.CD,..,..,..,..,..,..,..,..,..,..,..,..,..,..,..,..,..,..,..,..,..,..,..,..,..,..,..,..,..,..,..,..,1837600883,2134241556,2642403353,2774923731,3087363532,3388982050,3487874376,3538709388,3504145057,3894538510,4075039893,4040494309,4209509457,4452380662,4542659680,4731244987,4351411598,4554553073,4708725100,5224331270,..,..,..,..,..,..,..,..,..
Estonia,EST,"GDP, PPP (current international $)",NY.GDP.MKTP.PP.CD,..,..,..,..,..,..,..,..,..,..,..,..,..,..,..,..,..,..,..,..,..,..,..,..,..,..,..,..,..,..,..,..,..,8657393358,8697012760,9281316687,9726483065,11149124704,11696751242,11705258559,13183686618,14334071471,16097518329,17987997014,19786074394,22523015211,26006907483,29721058985,30525885461,27509108594,29038702700,32890577600,34642139626,36432844586,38300194538,38669190378,41094057420,44555137203,48064476468,51486474644,..
Eswatini,SWZ,"GDP, PPP (current international $)",NY.GDP.MKTP.PP.CD,..,..,..,..,..,..,..,..,..,..,..,..,..,..,..,..,..,..,..,..,..,..,..,..,..,..,..,..,..,..,2893709898,3044230954,3214057566,3392405202,3548026146,3797227744,4015319001,4211294712,4369591756,4563482929,4747619301,4902929393,5198632168,5500639844,5853433821,6397836960,6986419197,7492291907,7700785766,7880932557,8275232341,8637942064,8922130160,9465059127,9632880508,9763832924,9761184144,9553541387,10008880208,10388485666,..
Ethiopia,ETH,"GDP, PPP (current international $)",NY.GDP.MKTP.PP.CD,..,..,..,..,..,..,..,..,..,..,..,..,..,..,..,..,..,..,..,..,..,..,..,..,..,..,..,..,..,..,19874598969,19080192138,17822576673,20642732953,21756090735,23573339194,26987874129,28313609922,27642141121,29488768962,31978935410,35393267061,36497695585,36371996416,42420738903,48911899299,55851917094,63922625487,72196453325,79150422531,90122281098,1.02E+11,1.13E+11,1.22E+11,1.48E+11,1.67E+11,1.95E+11,2.15E+11,2.35E+11,2.59E+11,..
Faroe Islands,FRO,"GDP, PPP (current international $)",NY.GDP.MKTP.PP.CD,..,..,..,..,..,..,..,..,..,..,..,..,..,..,..,..,..,..,..,..,..,..,..,..,..,..,..,..,..,..,..,..,..,..,..,..,..,..,..,..,..,..,..,..,..,..,..,..,..,..,..,..,..,..,..,..,..,..,..,..,..
Fiji,FJI,"GDP, PPP (current international $)",NY.GDP.MKTP.PP.CD,..,..,..,..,..,..,..,..,..,..,..,..,..,..,..,..,..,..,..,..,..,..,..,..,..,..,..,..,..,..,3060644161,3078715564,3340958208,3492964427,3749497608,3923821147,4187459580,4165955096,4267610759,4710198561,4733630525,4934208367,5172647993,5321396046,5754286243,5975063668,6269918032,6383577451,6574958071,6533256125,6804670602,7134734867,7646755789,8254663160,9831527136,10781765001,11020155996,11783674124,12487054480,12839870256,..
Finland,FIN,"GDP, PPP (current international $)",NY.GDP.MKTP.PP.CD,..,..,..,..,..,..,..,..,..,..,..,..,..,..,..,..,..,..,..,..,..,..,..,..,..,..,..,..,..,..,90417220018,87948311302,86965084517,88412174778,93853000278,99862187769,1.03E+11,1.12E+11,1.22E+11,1.28E+11,1.39E+11,1.44E+11,1.49E+11,1.51E+11,1.63E+11,1.68E+11,1.81E+11,2.00E+11,2.13E+11,2.03E+11,2.09E+11,2.20E+11,2.21E+11,2.26E+11,2.28E+11,2.33E+11,2.47E+11,2.62E+11,2.72E+11,2.83E+11,..
France,FRA,"GDP, PPP (current international $)",NY.GDP.MKTP.PP.CD,..,..,..,..,..,..,..,..,..,..,..,..,..,..,..,..,..,..,..,..,..,..,..,..,..,..,..,..,..,..,1.03E+12,1.07E+12,1.11E+12,1.13E+12,1.18E+12,1.23E+12,1.27E+12,1.33E+12,1.41E+12,1.47E+12,1.59E+12,1.69E+12,1.76E+12,1.75E+12,1.82E+12,1.93E+12,2.06E+12,2.18E+12,2.26E+12,2.25E+12,2.34E+12,2.45E+12,2.47E+12,2.61E+12,2.66E+12,2.72E+12,2.86E+12,3.00E+12,3.12E+12,3.32E+12,..
French Polynesia,PYF,"GDP, PPP (current international $)",NY.GDP.MKTP.PP.CD,..,..,..,..,..,..,..,..,..,..,..,..,..,..,..,..,..,..,..,..,..,..,..,..,..,..,..,..,..,..,..,..,..,..,..,..,..,..,..,..,..,..,..,..,..,..,..,..,..,..,..,..,..,..,..,..,..,..,..,..,..
Gabon,GAB,"GDP, PPP (current international $)",NY.GDP.MKTP.PP.CD,..,..,..,..,..,..,..,..,..,..,..,..,..,..,..,..,..,..,..,..,..,..,..,..,..,..,..,..,..,..,11769492035,12911246820,12797413668,13617643451,14424817686,15459794348,16313554633,17547138383,18361763887,16963003476,17015659146,17760178208,17996173809,18742324018,19379622850,20518080319,20545716837,22365200612,22045903326,22242921983,24097481836,26345487004,26868451929,27463881945,28955844877,28630139365,28684983156,30986311651,31982589532,33644706827,..
"Gambia, The",GMB,"GDP, PPP (current international $)",NY.GDP.MKTP.PP.CD,..,..,..,..,..,..,..,..,..,..,..,..,..,..,..,..,..,..,..,..,..,..,..,..,..,..,..,..,..,..,1487913576,1586024624,1676976703,1768417996,1808968185,1863186043,1939488921,2069607008,2166152361,2338062672,2521797590,2726583801,2679696255,2916974709,3206689019,3228813825,3308042803,3500282385,3791601188,4075170887,4366237248,4095033765,4190620610,4165986164,4102796585,4311179262,4446016237,4588632823,5004418395,5395916227,..
Georgia,GEO,"GDP, PPP (current international $)",NY.GDP.MKTP.PP.CD,..,..,..,..,..,..,..,..,..,..,..,..,..,..,..,..,..,..,..,..,..,..,..,..,..,..,..,..,..,..,27519829491,22447430810,12650402020,9155738512,8378718936,8776820847,9938530350,11173375040,11649960770,12157256784,12657517114,13556742830,14524990212,16430841736,17850911528,20172105907,22740224140,26288412643,27447928259,26647548479,28642799772,31404963201,36640112635,39451053058,43054252353,45035492645,47930061167,50662483514,54383410980,58173953153,..
Germany,DEU,"GDP, PPP (current international $)",NY.GDP.MKTP.PP.CD,..,..,..,..,..,..,..,..,..,..,..,..,..,..,..,..,..,..,..,..,..,..,..,..,..,..,..,..,..,..,1.54E+12,1.68E+12,1.75E+12,1.77E+12,1.85E+12,1.92E+12,1.97E+12,2.02E+12,2.08E+12,2.16E+12,2.24E+12,2.34E+12,2.41E+12,2.47E+12,2.58E+12,2.62E+12,2.81E+12,2.98E+12,3.10E+12,3.02E+12,3.19E+12,3.42E+12,3.49E+12,3.63E+12,3.81E+12,3.90E+12,4.16E+12,4.38E+12,4.51E+12,4.66E+12,..
Ghana,GHA,"GDP, PPP (current international $)",NY.GDP.MKTP.PP.CD,..,..,..,..,..,..,..,..,..,..,..,..,..,..,..,..,..,..,..,..,..,..,..,..,..,..,..,..,..,..,18279898801,19896244105,21139109920,22689492607,23938741138,25445799962,27104297258,28728687645,30417594082,32214461016,34153187522,36298404714,38531824472,41288261816,44774219849,48892878538,53596271562,57428333004,63902175212,67508666324,73690444263,85797385076,98315093257,1.40E+11,1.48E+11,1.43E+11,1.39E+11,1.46E+11,1.58E+11,1.71E+11,..
Gibraltar,GIB,"GDP, PPP (current international $)",NY.GDP.MKTP.PP.CD,..,..,..,..,..,..,..,..,..,..,..,..,..,..,..,..,..,..,..,..,..,..,..,..,..,..,..,..,..,..,..,..,..,..,..,..,..,..,..,..,..,..,..,..,..,..,..,..,..,..,..,..,..,..,..,..,..,..,..,..,..
Greece,GRC,"GDP, PPP (current international $)",NY.GDP.MKTP.PP.CD,..,..,..,..,..,..,..,..,..,..,..,..,..,..,..,..,..,..,..,..,..,..,..,..,..,..,..,..,..,..,1.35E+11,1.44E+11,1.49E+11,1.50E+11,1.56E+11,1.63E+11,1.71E+11,1.83E+11,1.93E+11,1.99E+11,2.11E+11,2.28E+11,2.47E+11,2.61E+11,2.79E+11,2.81E+11,3.14E+11,3.24E+11,3.42E+11,3.38E+11,3.13E+11,2.90E+11,2.79E+11,2.86E+11,2.92E+11,2.91E+11,3.00E+11,3.13E+11,3.26E+11,3.36E+11,..
Greenland,GRL,"GDP, PPP (current international $)",NY.GDP.MKTP.PP.CD,..,..,..,..,..,..,..,..,..,..,..,..,..,..,..,..,..,..,..,..,..,..,..,..,..,..,..,..,..,..,..,..,..,..,..,..,..,..,..,..,..,..,..,..,..,..,..,..,..,..,..,..,..,..,..,..,..,..,..,..,..
Grenada,GRD,"GDP, PPP (current international $)",NY.GDP.MKTP.PP.CD,..,..,..,..,..,..,..,..,..,..,..,..,..,..,..,..,..,..,..,..,..,..,..,..,..,..,..,..,..,..,455559386.4,477490731.6,484215533.1,485978343.3,504761885.5,526320053.3,559744171.5,597954393.2,675756101.9,732801841.6,785803167.2,786786462.8,826703734.5,921748404.8,940435296.6,1098442105,1086498721,1184003536,1218471126,1146564909,1153994997,1187113040,1199574282,1285879277,1420279858,1551090813,1656762122,1798099078,1916747783,2011137673,..
Guam,GUM,"GDP, PPP (current international $)",NY.GDP.MKTP.PP.CD,..,..,..,..,..,..,..,..,..,..,..,..,..,..,..,..,..,..,..,..,..,..,..,..,..,..,..,..,..,..,..,..,..,..,..,..,..,..,..,..,..,..,..,..,..,..,..,..,..,..,..,..,..,..,..,..,..,..,..,..,..
Guatemala,GTM,"GDP, PPP (current international $)",NY.GDP.MKTP.PP.CD,..,..,..,..,..,..,..,..,..,..,..,..,..,..,..,..,..,..,..,..,..,..,..,..,..,..,..,..,..,..,30575241985,32765565924,35133699998,37378552659,39716676772,42556078182,44617055687,47367132746,50292172292,52980997825,56120131738,58688841914,61922332925,64668517786,68502814171,72939470884,79189496967,86442999118,91015862227,92192154181,95942692369,1.02E+11,1.08E+11,1.12E+11,1.19E+11,1.28E+11,1.30E+11,1.34E+11,1.41E+11,1.49E+11,..
Guinea,GIN,"GDP, PPP (current international $)",NY.GDP.MKTP.PP.CD,..,..,..,..,..,..,..,..,..,..,..,..,..,..,..,..,..,..,..,..,..,..,..,..,..,..,..,..,..,..,5608354359,5949541864,6284167752,6757550007,7175859551,7663898341,8152418117,8722707942,9142327503,9627862373,10089469296,10687978119,11417760143,11775008633,12374984223,13142923548,13700454062,15029008779,15954575355,15895726851,16854986477,18172750191,19125167503,19730520885,20122408008,20799124961,24399441375,29210696888,31748138613,34103172455,..
Guinea-Bissau,GNB,"GDP, PPP (current international $)",NY.GDP.MKTP.PP.CD,..,..,..,..,..,..,..,..,..,..,..,..,..,..,..,..,..,..,..,..,..,..,..,..,..,..,..,..,..,..,987615090.6,1073085525,1109613102,1159756909,1222426819,1302973645,1480743947,1604185818,1166391793,1195366686,1288411408,1345492468,1353309810,1386278645,1462911531,1572833647,1657852361,1757935025,1849541241,1926426825,2038736561,2249594251,2175252519,2248857564,2332574695,2774674411,3113471484,3519615667,3739569129,3979797410,..
Guyana,GUY,"GDP, PPP (current international $)",NY.GDP.MKTP.PP.CD,..,..,..,..,..,..,..,..,..,..,..,..,..,..,..,..,..,..,..,..,..,..,..,..,..,..,..,..,..,..,1582844849,1735502068,1912759121,2118152667,2347972263,2517819381,2767894650,2989648281,2972533061,3104712511,3130828825,3272434541,3361847448,3402630987,3548864259,3588015811,3886217472,4270738734,4439869691,4632630546,4880570765,5241415945,5575309893,5999833208,6233548107,6420038413,6811468778,6968491240,7425376249,7909616533,..
Haiti,HTI,"GDP, PPP (current international $)",NY.GDP.MKTP.PP.CD,..,..,..,..,..,..,..,..,..,..,..,..,..,..,..,..,..,..,..,..,..,..,..,..,..,..,..,..,..,..,9728849406,10246997792,9924009035,9607871799,8640316666,9694614758,10280908511,10741055742,11098938894,11564337610,11925721266,12060021976,12219976586,12492195089,12376577356,12992457965,13686708934,14524248927,14931725591,15509449432,15200264277,16374945170,16299151462,17483157910,18133047636,18235156640,19050002266,19369195430,20120446470,20279897297,..
Honduras,HND,"GDP, PPP (current international $)",NY.GDP.MKTP.PP.CD,..,..,..,..,..,..,..,..,..,..,..,..,..,..,..,..,..,..,..,..,..,..,..,..,..,..,..,..,..,..,10168938114,10163873611,11026889140,12021393272,12304113263,13339616988,13837993301,14723868844,15424159939,15531748233,17036736964,17884544595,18849502622,20072566941,21897625326,23945932318,26290762653,28667668901,30461990353,29947848187,31427232363,33314349144,34844289142,36445584467,39875503508,43955139193,47719049298,52444135530,55666121201,58139182458,..
"Hong Kong SAR, China",HKG,"GDP, PPP (current international $)",NY.GDP.MKTP.PP.CD,..,..,..,..,..,..,..,..,..,..,..,..,..,..,..,..,..,..,..,..,..,..,..,..,..,..,..,..,..,..,1.04E+11,1.14E+11,1.24E+11,1.35E+11,1.46E+11,1.52E+11,1.62E+11,1.73E+11,1.65E+11,1.71E+11,1.88E+11,1.94E+11,2.00E+11,2.10E+11,2.34E+11,2.59E+11,2.86E+11,3.13E+11,3.25E+11,3.20E+11,3.45E+11,3.70E+11,3.73E+11,3.85E+11,3.96E+11,4.11E+11,4.20E+11,4.42E+11,4.66E+11,4.68E+11,..
Hungary,HUN,"GDP, PPP (current international $)",NY.GDP.MKTP.PP.CD,..,..,..,..,..,..,..,..,..,..,..,..,..,..,..,..,..,..,..,..,..,..,..,..,..,..,..,..,..,..,..,86203429268,85466300229,86987194811,91463090523,94771850537,96261028728,1.01E+11,1.07E+11,1.11E+11,1.21E+11,1.35E+11,1.48E+11,1.57E+11,1.64E+11,1.72E+11,1.85E+11,1.92E+11,2.08E+11,2.07E+11,2.16E+11,2.28E+11,2.30E+11,2.42E+11,2.53E+11,2.62E+11,2.72E+11,2.89E+11,3.09E+11,3.32E+11,..
Iceland,ISL,"GDP, PPP (current international $)",NY.GDP.MKTP.PP.CD,..,..,..,..,..,..,..,..,..,..,..,..,..,..,..,..,..,..,..,..,..,..,..,..,..,..,..,..,..,..,5600595320,5777051761,5709351960,5921388742,6266090355,6404938220,6661505050,7294477231,7861902573,8189172050,8356728903,9054991619,9351404881,9444135910,10400237472,11048355866,11874035546,12823194503,13749851532,13356922474,12596521332,13005318869,13446448578,14296625705,14966383109,16161750287,17786800405,19080137302,20366868989,21700953992,..
India,IND,"GDP, PPP (current international $)",NY.GDP.MKTP.PP.CD,..,..,..,..,..,..,..,..,..,..,..,..,..,..,..,..,..,..,..,..,..,..,..,..,..,..,..,..,..,..,1.05E+12,1.10E+12,1.18E+12,1.27E+12,1.38E+12,1.52E+12,1.66E+12,1.76E+12,1.89E+12,2.09E+12,2.21E+12,2.37E+12,2.50E+12,2.75E+12,3.05E+12,3.39E+12,3.77E+12,4.17E+12,4.38E+12,4.76E+12,5.23E+12,5.62E+12,6.15E+12,6.48E+12,6.78E+12,7.16E+12,7.74E+12,8.28E+12,9.00E+12,9.61E+12,..
Indonesia,IDN,"GDP, PPP (current international $)",NY.GDP.MKTP.PP.CD,..,..,..,..,..,..,..,..,..,..,..,..,..,..,..,..,..,..,..,..,..,..,..,..,..,..,..,..,..,..,5.59E+11,6.18E+11,6.73E+11,7.34E+11,8.06E+11,8.91E+11,9.78E+11,1.04E+12,9.15E+11,9.35E+11,1.00E+12,1.06E+12,1.13E+12,1.20E+12,1.30E+12,1.42E+12,1.54E+12,1.68E+12,1.82E+12,1.91E+12,2.06E+12,2.23E+12,2.41E+12,2.54E+12,2.62E+12,2.65E+12,2.74E+12,2.89E+12,3.12E+12,3.33E+12,..
"Iran, Islamic Rep.",IRN,"GDP, PPP (current international $)",NY.GDP.MKTP.PP.CD,..,..,..,..,..,..,..,..,..,..,..,..,..,..,..,..,..,..,..,..,..,..,..,..,..,..,..,..,..,..,4.07E+11,4.73E+11,4.97E+11,5.14E+11,5.17E+11,5.40E+11,5.78E+11,5.91E+11,6.11E+11,6.25E+11,6.77E+11,6.97E+11,7.59E+11,8.41E+11,9.01E+11,9.59E+11,1.04E+12,1.15E+12,1.18E+12,1.20E+12,1.28E+12,1.34E+12,1.20E+12,1.17E+12,1.18E+12,1.07E+12,1.11E+12,1.17E+12,..,..,..
Iraq,IRQ,"GDP, PPP (current international $)",NY.GDP.MKTP.PP.CD,..,..,..,..,..,..,..,..,..,..,..,..,..,..,..,..,..,..,..,..,..,..,..,..,..,..,..,..,..,..,..,47914015610,64978047376,86665616268,91928142177,95845481780,1.08E+11,1.34E+11,1.82E+11,2.17E+11,2.25E+11,2.36E+11,2.23E+11,1.52E+11,2.40E+11,2.59E+11,2.94E+11,3.06E+11,3.37E+11,3.51E+11,3.78E+11,4.15E+11,4.84E+11,5.15E+11,4.91E+11,3.70E+11,3.62E+11,4.12E+11,4.19E+11,4.45E+11,..
Ireland,IRL,"GDP, PPP (current international $)",NY.GDP.MKTP.PP.CD,..,..,..,..,..,..,..,..,..,..,..,..,..,..,..,..,..,..,..,..,..,..,..,..,..,..,..,..,..,..,48262138103,50857047931,53755062488,56510369721,61039183880,68323207997,74455044974,83110917542,93037939354,1.01E+11,1.15E+11,1.26E+11,1.38E+11,1.45E+11,1.57E+11,1.68E+11,1.89E+11,2.06E+11,1.99E+11,1.89E+11,1.98E+11,2.05E+11,2.13E+11,2.21E+11,2.38E+11,3.25E+11,3.42E+11,3.76E+11,4.11E+11,4.36E+11,..
Isle of Man,IMN,"GDP, PPP (current international $)",NY.GDP.MKTP.PP.CD,..,..,..,..,..,..,..,..,..,..,..,..,..,..,..,..,..,..,..,..,..,..,..,..,..,..,..,..,..,..,..,..,..,..,..,..,..,..,..,..,..,..,..,..,..,..,..,..,..,..,..,..,..,..,..,..,..,..,..,..,..
Israel,ISR,"GDP, PPP (current international $)",NY.GDP.MKTP.PP.CD,..,..,..,..,..,..,..,..,..,..,..,..,..,..,..,..,..,..,..,..,..,..,..,..,..,..,..,..,..,..,70601689465,78628479202,86660391779,92365752191,1.01E+11,1.10E+11,1.18E+11,1.25E+11,1.32E+11,1.38E+11,1.57E+11,1.60E+11,1.66E+11,1.59E+11,1.72E+11,1.72E+11,1.81E+11,1.97E+11,2.01E+11,2.06E+11,2.20E+11,2.37E+11,2.51E+11,2.75E+11,2.81E+11,2.97E+11,3.23E+11,3.40E+11,3.58E+11,3.82E+11,..
Italy,ITA,"GDP, PPP (current international $)",NY.GDP.MKTP.PP.CD,..,..,..,..,..,..,..,..,..,..,..,..,..,..,..,..,..,..,..,..,..,..,..,..,..,..,..,..,..,..,1.06E+12,1.11E+12,1.14E+12,1.16E+12,1.21E+12,1.27E+12,1.31E+12,1.36E+12,1.42E+12,1.46E+12,1.54E+12,1.60E+12,1.64E+12,1.67E+12,1.70E+12,1.75E+12,1.88E+12,1.99E+12,2.09E+12,2.05E+12,2.09E+12,2.17E+12,2.17E+12,2.19E+12,2.20E+12,2.24E+12,2.42E+12,2.53E+12,2.59E+12,2.66E+12,..
Jamaica,JAM,"GDP, PPP (current international $)",NY.GDP.MKTP.PP.CD,..,..,..,..,..,..,..,..,..,..,..,..,..,..,..,..,..,..,..,..,..,..,..,..,..,..,..,..,..,..,11533097219,12499987323,13034863768,14600285784,15118349061,15798079551,16069050927,16159722990,15960100480,16360156939,16872854998,17474853987,18105809166,19118195450,19892783423,20695771852,21940221748,22852210765,23107608374,22274033602,22203226227,23059255171,23269052381,24133311549,24565823799,25415826989,26718138075,28035430606,29253953823,29972389393,..
Japan,JPN,"GDP, PPP (current international $)",NY.GDP.MKTP.PP.CD,..,..,..,..,..,..,..,..,..,..,..,..,..,..,..,..,..,..,..,..,..,..,..,..,..,..,..,..,..,..,2.42E+12,2.58E+12,2.66E+12,2.71E+12,2.80E+12,2.94E+12,3.08E+12,3.17E+12,3.17E+12,3.21E+12,3.40E+12,3.49E+12,3.59E+12,3.69E+12,3.88E+12,4.05E+12,4.23E+12,4.42E+12,4.46E+12,4.25E+12,4.48E+12,4.57E+12,4.75E+12,4.97E+12,4.99E+12,5.14E+12,5.08E+12,5.18E+12,5.23E+12,5.46E+12,..
Jordan,JOR,"GDP, PPP (current international $)",NY.GDP.MKTP.PP.CD,..,..,..,..,..,..,..,..,..,..,..,..,..,..,..,..,..,..,..,..,..,..,..,..,..,..,..,..,..,..,14844689543,15626608547,18965873887,20314331371,21782711804,23615267609,24549628831,25799039371,26870513669,28187841783,30041368055,32317784206,34727960791,36844775714,41078299490,45808583426,51014480125,56667711253,61948133275,65838898256,68145614405,71368713633,73720865695,78518565237,80732049296,86469560417,88674584345,96238499622,1.00E+11,1.04E+11,..
Kazakhstan,KAZ,"GDP, PPP (current international $)",NY.GDP.MKTP.PP.CD,..,..,..,..,..,..,..,..,..,..,..,..,..,..,..,..,..,..,..,..,..,..,..,..,..,..,..,..,..,..,1.35E+11,1.24E+11,1.20E+11,1.12E+11,99982546320,93708532660,95901486627,99213641751,98424035641,1.03E+11,1.15E+11,1.34E+11,1.49E+11,1.66E+11,1.87E+11,2.11E+11,2.41E+11,2.69E+11,2.83E+11,2.89E+11,3.14E+11,3.44E+11,3.70E+11,4.17E+11,4.27E+11,4.07E+11,4.24E+11,4.48E+11,4.78E+11,5.08E+11,..
Kenya,KEN,"GDP, PPP (current international $)",NY.GDP.MKTP.PP.CD,..,..,..,..,..,..,..,..,..,..,..,..,..,..,..,..,..,..,..,..,..,..,..,..,..,..,..,..,..,..,35028645240,36734100247,37270856967,38288666586,40135858576,42782994533,45372991466,46374592155,48439544312,50271759077,51703788259,54835094419,56007069845,58720068893,63378878335,69213282881,75923212951,83303737590,85121369080,88606663756,97173951010,1.05E+11,1.12E+11,1.26E+11,1.41E+11,1.61E+11,1.78E+11,2.03E+11,2.21E+11,2.37E+11,..
Kiribati,KIR,"GDP, PPP (current international $)",NY.GDP.MKTP.PP.CD,..,..,..,..,..,..,..,..,..,..,..,..,..,..,..,..,..,..,..,..,..,..,..,..,..,..,..,..,..,..,91329588.97,94418132.52,97416939.08,100592193.5,104511600.9,106703032.8,110498438.9,114277261.8,123141408.6,122997492.6,133606262,134528921.3,141832677.2,147365114.9,148866744.9,161104803.8,165898344.4,173821467.6,173496445.5,176222458.5,176628828.1,183193721.9,195507202.4,207322984,209771180.4,234075309.1,248787095.4,255776100.4,267867744.5,278663362.8,..
"Korea, Dem. People’s Rep.",PRK,"GDP, PPP (current international $)",NY.GDP.MKTP.PP.CD,..,..,..,..,..,..,..,..,..,..,..,..,..,..,..,..,..,..,..,..,..,..,..,..,..,..,..,..,..,..,..,..,..,..,..,..,..,..,..,..,..,..,..,..,..,..,..,..,..,..,..,..,..,..,..,..,..,..,..,..,..
"Korea, Rep.",KOR,"GDP, PPP (current international $)",NY.GDP.MKTP.PP.CD,..,..,..,..,..,..,..,..,..,..,..,..,..,..,..,..,..,..,..,..,..,..,..,..,..,..,..,..,..,..,3.60E+11,4.11E+11,4.46E+11,4.89E+11,5.46E+11,6.11E+11,6.70E+11,7.24E+11,6.93E+11,7.83E+11,8.72E+11,9.33E+11,1.02E+12,1.06E+12,1.14E+12,1.21E+12,1.30E+12,1.41E+12,1.47E+12,1.46E+12,1.57E+12,1.63E+12,1.68E+12,1.73E+12,1.79E+12,1.93E+12,2.03E+12,2.11E+12,2.17E+12,2.22E+12,..
Kosovo,XKX,"GDP, PPP (current international $)",NY.GDP.MKTP.PP.CD,..,..,..,..,..,..,..,..,..,..,..,..,..,..,..,..,..,..,..,..,..,..,..,..,..,..,..,..,..,..,..,..,..,..,..,..,..,..,..,..,6053784175,7855329561,7923649513,8553444772,9013163593,9854641894,10610050194,11688889260,12667675354,13223165922,13820023516,14726006657,15319686484,16009210622,16393220404,17123326573,17885970979,18860124253,20041776670,21241888548,..
Kuwait,KWT,"GDP, PPP (current international $)",NY.GDP.MKTP.PP.CD,..,..,..,..,..,..,..,..,..,..,..,..,..,..,..,..,..,..,..,..,..,..,..,..,..,..,..,..,..,..,..,..,59177765807,81171228199,89898505784,96242636765,98597923214,1.03E+11,1.08E+11,1.07E+11,1.15E+11,1.18E+11,1.23E+11,1.47E+11,1.67E+11,1.90E+11,2.10E+11,2.29E+11,2.39E+11,2.24E+11,2.21E+11,2.48E+11,2.77E+11,2.75E+11,2.59E+11,1.81E+11,1.77E+11,2.06E+11,2.14E+11,2.18E+11,..
Kyrgyz Republic,KGZ,"GDP, PPP (current international $)",NY.GDP.MKTP.PP.CD,..,..,..,..,..,..,..,..,..,..,..,..,..,..,..,..,..,..,..,..,..,..,..,..,..,..,..,..,..,..,11181454193,10641298972,9377721219,8115824786,6624243781,6396322166,6974885669,7798663099,8053775881,8468736635,9129340048,9826070516,9979766408,10879736519,11957722707,12308557478,13074519435,14572681424,16104295065,16695427086,16810323180,18183659161,20287689142,23123731106,24986584384,25107317901,28459201788,31280403475,33221752010,35324483007,..
Lao PDR,LAO,"GDP, PPP (current international $)",NY.GDP.MKTP.PP.CD,..,..,..,..,..,..,..,..,..,..,..,..,..,..,..,..,..,..,..,..,..,..,..,..,..,..,..,..,..,..,4368170315,4709919300,5085086519,5513348532,6090520217,6655447585,7246864921,7878428045,8283204720,9016737929,9752854228,10540006231,11340427710,12251831520,13381581512,14779141490,16538791521,18273244303,20086359308,21757808474,23888227745,26347634541,31202113958,34600073064,39000303252,41582719416,46849968684,50463792572,54881940279,58436452733,..
Latvia,LVA,"GDP, PPP (current international $)",NY.GDP.MKTP.PP.CD,..,..,..,..,..,..,..,..,..,..,..,..,..,..,..,..,..,..,..,..,..,..,..,..,..,..,..,..,..,..,..,..,..,..,..,13642369950,14192922395,15730664530,16985720476,17666600812,18981986128,21077692576,23223235583,25192922037,27608294804,30977938494,34922333588,39883039015,42383912500,36273304548,36917843178,40760565612,43313156236,45672616675,47540328805,49103820600,51740645049,55332554898,59057492337,61600332701,..
Lebanon,LBN,"GDP, PPP (current international $)",NY.GDP.MKTP.PP.CD,..,..,..,..,..,..,..,..,..,..,..,..,..,..,..,..,..,..,..,..,..,..,..,..,..,..,..,..,..,..,10761643585,16626881866,19801264358,22452657410,24790809421,26942878664,30532644230,31386810062,32903578501,33203208481,34400962173,36505377358,38352205919,40325090855,44176734472,46776262341,48938547058,54932056139,61079319349,67842333337,74106430637,76310623816,82065263275,88557943342,94101077691,98432919650,1.04E+11,1.09E+11,1.09E+11,1.05E+11,..
Lesotho,LSO,"GDP, PPP (current international $)",NY.GDP.MKTP.PP.CD,..,..,..,..,..,..,..,..,..,..,..,..,..,..,..,..,..,..,..,..,..,..,..,..,..,..,..,..,..,..,1385555659,1532202267,1676134322,1776068852,1922469227,2027374052,2180046470,2299771554,2361416532,2406913978,2556086276,2705186065,2767866534,2947820799,3078413642,3284329733,3526854849,3796626427,4131327830,4252503051,4337539783,4665280937,4743492115,5318648257,5868106493,6370015338,6355787878,5820641492,5931020494,6125919028,..
Liberia,LBR,"GDP, PPP (current international $)",NY.GDP.MKTP.PP.CD,..,..,..,..,..,..,..,..,..,..,..,..,..,..,..,..,..,..,..,..,..,..,..,..,..,..,..,..,..,..,..,..,..,..,..,..,..,..,..,..,2829657673,2976170338,3137011611,2232050856,2352193039,2553556314,2842453826,3197126771,3492215619,3705355946,3977186654,4393239184,4855466758,5689798756,6024575446,5778552811,6325435787,7126900130,7384259029,7341849948,..
Libya,LBY,"GDP, PPP (current international $)",NY.GDP.MKTP.PP.CD,..,..,..,..,..,..,..,..,..,..,..,..,..,..,..,..,..,..,..,..,..,..,..,..,..,..,..,..,..,..,..,..,..,..,..,..,..,..,..,91205951590,96675513746,97054365515,97644210414,1.12E+11,1.21E+11,1.39E+11,1.53E+11,1.67E+11,1.74E+11,1.74E+11,1.85E+11,71733711997,1.53E+11,1.26E+11,90996326485,78431959499,72119611548,87115614621,1.03E+11,1.07E+11,..
Liechtenstein,LIE,"GDP, PPP (current international $)",NY.GDP.MKTP.PP.CD,..,..,..,..,..,..,..,..,..,..,..,..,..,..,..,..,..,..,..,..,..,..,..,..,..,..,..,..,..,..,..,..,..,..,..,..,..,..,..,..,..,..,..,..,..,..,..,..,..,..,..,..,..,..,..,..,..,..,..,..,..
Lithuania,LTU,"GDP, PPP (current international $)",NY.GDP.MKTP.PP.CD,..,..,..,..,..,..,..,..,..,..,..,..,..,..,..,..,..,..,..,..,..,..,..,..,..,..,..,..,..,..,..,..,..,..,..,21492726075,22964402176,25270202755,27553343462,27565323899,29604692441,32805212034,36132747528,41214452085,44008465206,48263291602,53893968504,61698982117,66344339089,57437546514,62112596123,69113557961,73635737735,78911079132,82564270190,83730597415,88699845604,95659970670,1.00E+11,1.06E+11,..
Luxembourg,LUX,"GDP, PPP (current international $)",NY.GDP.MKTP.PP.CD,..,..,..,..,..,..,..,..,..,..,..,..,..,..,..,..,..,..,..,..,..,..,..,..,..,..,..,..,..,..,11324271457,12719226238,13245798385,14129218630,14982332386,16191526680,17116837816,17967628356,18855147271,21794057204,24154411064,24679209789,26222378150,27115969641,29341820787,31733108754,36836477090,40307717243,42362971851,40987695882,43434533307,47690524462,48646428611,51940075107,56353766041,59096856502,64399672528,67280181469,71000340500,75188883904,..
"Macao SAR, China",MAC,"GDP, PPP (current international $)",NY.GDP.MKTP.PP.CD,..,..,..,..,..,..,..,..,..,..,..,..,..,..,..,..,..,..,..,..,..,..,..,..,..,..,..,..,..,..,9311014594,9978091254,11562697950,12450588975,13257196881,13981393933,14177701720,14381866283,13879010239,13747240782,14862289982,15627028668,17294496887,19668413436,25601993712,28527148430,33303529407,39138977065,41254444700,42118204702,53373511218,66297551189,75311301170,88690020681,90948517198,70510287446,70903935831,79017384059,85283985547,82683380027,..
Madagascar,MDG,"GDP, PPP (current international $)",NY.GDP.MKTP.PP.CD,..,..,..,..,..,..,..,..,..,..,..,..,..,..,..,..,..,..,..,..,..,..,..,..,..,..,..,..,..,..,14068918370,13627455222,14102604331,14739894890,15048309270,15621743278,16250468373,17141249812,18013170768,19131946839,20431382028,22128174208,19689102226,22017083017,23798429156,25706808358,27914530400,30301291067,32964271662,31894023838,32465467745,33666789094,34211243846,35256755127,36701697717,37486186736,39996977188,40514543473,43363602948,46237459719,..
Malawi,MWI,"GDP, PPP (current international $)",NY.GDP.MKTP.PP.CD,..,..,..,..,..,..,..,..,..,..,..,..,..,..,..,..,..,..,..,..,..,..,..,..,..,..,..,..,..,..,4412425817,4959885310,4700920691,5278698978,4839328071,5767338137,6302644184,6654470785,6991494173,7308209280,7589340383,7369958309,7613804655,8197684020,8874701323,9450268932,10193857320,11472591259,12589272656,13741688331,14857433209,15904043611,15919778301,17558046000,17576097211,17062379707,17635609751,18333705241,19361217287,20559497697,..
Malaysia,MYS,"GDP, PPP (current international $)",NY.GDP.MKTP.PP.CD,..,..,..,..,..,..,..,..,..,..,..,..,..,..,..,..,..,..,..,..,..,..,..,..,..,..,..,..,..,..,1.23E+11,1.39E+11,1.55E+11,1.74E+11,1.95E+11,2.18E+11,2.44E+11,2.67E+11,2.50E+11,2.69E+11,3.00E+11,3.08E+11,3.29E+11,3.55E+11,3.89E+11,4.23E+11,4.60E+11,5.02E+11,5.36E+11,5.32E+11,5.79E+11,6.22E+11,6.68E+11,6.92E+11,7.35E+11,7.51E+11,7.84E+11,8.29E+11,8.89E+11,9.43E+11,..
Maldives,MDV,"GDP, PPP (current international $)",NY.GDP.MKTP.PP.CD,..,..,..,..,..,..,..,..,..,..,..,..,..,..,..,..,..,..,..,..,..,..,..,..,..,..,..,..,..,..,..,..,..,..,..,1570177743,1724582302,1901647672,2067177689,2226528636,2363844377,2320427419,2528456474,2929532795,3189921611,2857433736,3712603229,4106412498,4583370939,4284461795,4649285283,5153016195,5438384434,6140033357,6957268404,7628331940,8279182675,8929621693,9769994105,10458837368,..
Mali,MLI,"GDP, PPP (current international $)",NY.GDP.MKTP.PP.CD,..,..,..,..,..,..,..,..,..,..,..,..,..,..,..,..,..,..,..,..,..,..,..,..,..,..,..,..,..,..,6795631666,7850595962,7771061222,8207531114,8699657035,8963880056,9772064366,10420605659,11335785841,12155029601,12419192366,14643088591,15336761817,17046118533,17778114533,19529841174,21058925957,22380109054,23904445314,25244364355,26895625109,28339693401,28185271180,29823029621,32435271402,35447205312,39309825124,41620690041,44584090696,47647700993,..
Malta,MLT,"GDP, PPP (current international $)",NY.GDP.MKTP.PP.CD,..,..,..,..,..,..,..,..,..,..,..,..,..,..,..,..,..,..,..,..,..,..,..,..,..,..,..,..,..,..,3306463145,3632144046,3889181541,4159720442,4488636026,4873416082,5192575931,5790343230,6113967634,6574187167,7134582843,7239316995,7754899902,8283172357,8561583902,8990872386,9411218182,10123965915,10722882905,10790163478,11535684778,11905972930,12358651693,13238389611,14508619509,16059011071,17622099383,19447669386,21108159041,22946901130,..
Marshall Islands,MHL,"GDP, PPP (current international $)",NY.GDP.MKTP.PP.CD,..,..,..,..,..,..,..,..,..,..,..,..,..,..,..,..,..,..,..,..,..,..,..,..,..,..,..,..,..,..,94470651.77,97751224.47,107118234.2,116242378.7,125702867.9,138879395.3,126851650.8,120721652.1,121080115.9,121286594.7,125676953.6,137200551.5,144585247,144890639.7,150203847.1,158421351.3,164306045.4,173391814.4,164827438.9,168481932.2,183322966.6,185737266.3,184812388.4,195046900.9,196868917.5,202140371.1,207021010,219513754.7,232838190.7,..,..
Mauritania,MRT,"GDP, PPP (current international $)",NY.GDP.MKTP.PP.CD,..,..,..,..,..,..,..,..,..,..,..,..,..,..,..,..,..,..,..,..,..,..,..,..,..,..,..,..,..,..,5368687383,5649486467,5886524440,6379937666,6316730876,7082478872,7631824404,7449419844,7742523971,8142813638,7998674605,8108767980,8350822714,9095217499,9782123425,10950897842,13350699883,13439342111,13655394672,13772963799,14298541792,15206335118,15797573507,17107165464,16883392127,16995094117,19569042827,21743465320,22727329593,24494963750,..
Mauritius,MUS,"GDP, PPP (current international $)",NY.GDP.MKTP.PP.CD,..,..,..,..,..,..,..,..,..,..,..,..,..,..,..,..,..,..,..,..,..,..,..,..,..,..,..,..,..,..,5237260909,5654523850,6160039718,6626462619,7047895302,7504209481,8068615327,8674563727,9304840311,9685634617,10714407616,11315956444,11680582117,12602481622,13502148250,14170214943,15309357187,16620931040,17857009377,18589628805,19629432102,20856589153,21304168425,22487480675,23312206793,24279686437,26155431238,27081834229,28763164544,30303820357,..
Mexico,MEX,"GDP, PPP (current international $)",NY.GDP.MKTP.PP.CD,..,..,..,..,..,..,..,..,..,..,..,..,..,..,..,..,..,..,..,..,..,..,..,..,..,..,..,..,..,..,6.78E+11,7.32E+11,7.78E+11,7.58E+11,8.13E+11,7.78E+11,8.45E+11,9.19E+11,9.77E+11,1.02E+12,1.10E+12,1.12E+12,1.14E+12,1.18E+12,1.26E+12,1.34E+12,1.49E+12,1.56E+12,1.65E+12,1.64E+12,1.74E+12,1.91E+12,2.01E+12,2.06E+12,2.17E+12,2.23E+12,2.38E+12,2.47E+12,2.57E+12,2.60E+12,..
"Micronesia, Fed. Sts.",FSM,"GDP, PPP (current international $)",NY.GDP.MKTP.PP.CD,..,..,..,..,..,..,..,..,..,..,..,..,..,..,..,..,..,..,..,..,..,..,..,..,..,..,..,..,..,..,170531149.7,189392357.8,201472301.2,223035499.5,226580522.8,247558203.2,244068595.8,233229361.5,242577472.9,249462030.1,267367014.9,279154083.6,285120759,294981392.3,293592427.6,308919163.4,318009716.7,320556238.3,318920730.9,324864719.6,336075697.3,354035867.5,354089774.7,347045410.5,345457652.7,365289165.3,372607914.7,389874363.8,399918852.6,..,..
Moldova,MDA,"GDP, PPP (current international $)",NY.GDP.MKTP.PP.CD,..,..,..,..,..,..,..,..,..,..,..,..,..,..,..,..,..,..,..,..,..,..,..,..,..,..,..,..,..,..,..,..,..,..,..,9406862521,9016135303,9322671046,8810827944,8636983076,9016173227,9775986405,10705207615,11623678408,12819921775,14210699085,15343499608,16228338897,17834433607,16892170693,18302326302,19771747984,21054653399,23960618216,25218452233,26233146017,29732362697,32101220496,34272120582,36074901315,..
Monaco,MCO,"GDP, PPP (current international $)",NY.GDP.MKTP.PP.CD,..,..,..,..,..,..,..,..,..,..,..,..,..,..,..,..,..,..,..,..,..,..,..,..,..,..,..,..,..,..,..,..,..,..,..,..,..,..,..,..,..,..,..,..,..,..,..,..,..,..,..,..,..,..,..,..,..,..,..,..,..
Mongolia,MNG,"GDP, PPP (current international $)",NY.GDP.MKTP.PP.CD,..,..,..,..,..,..,..,..,..,..,..,..,..,..,..,..,..,..,..,..,..,..,..,..,..,..,..,..,..,..,7309392734,6899644002,6403662838,6347657118,6621580015,7191496829,7486855196,7912729922,8269044004,8645988584,8940570943,9406455279,10007490707,10907345508,12391145512,13703932273,15326665411,17351254386,19263123792,19163741461,20621063955,24691841190,28889684312,30402499579,32506744921,32284592102,32833404463,35222426053,38666235256,41346475102,..
Montenegro,MNE,"GDP, PPP (current international $)",NY.GDP.MKTP.PP.CD,..,..,..,..,..,..,..,..,..,..,..,..,..,..,..,..,..,..,..,..,..,..,..,..,..,..,..,..,..,..,..,..,..,..,..,..,..,..,..,..,3632167468,4113941704,4329947863,4489648519,4805734564,5106764255,6424612438,7665436457,8524369037,8059262798,8452190473,8974080421,8603990405,9237455556,9557917375,10164300303,11254368291,12215365676,13213905651,14302108533,..
Morocco,MAR,"GDP, PPP (current international $)",NY.GDP.MKTP.PP.CD,..,..,..,..,..,..,..,..,..,..,..,..,..,..,..,..,..,..,..,..,..,..,..,..,..,..,..,..,..,..,63790009521,70706042173,70800338630,71941032544,81257017166,78476434768,89800943967,89923770195,97518322233,99996017345,1.04E+11,1.14E+11,1.20E+11,1.29E+11,1.39E+11,1.48E+11,1.64E+11,1.74E+11,1.88E+11,1.98E+11,2.08E+11,2.23E+11,2.26E+11,2.37E+11,2.29E+11,2.47E+11,2.54E+11,2.64E+11,2.79E+11,2.90E+11,..
Mozambique,MOZ,"GDP, PPP (current international $)",NY.GDP.MKTP.PP.CD,..,..,..,..,..,..,..,..,..,..,..,..,..,..,..,..,..,..,..,..,..,..,..,..,..,..,..,..,..,..,3785683354,4105477472,3942801876,4463616953,4856919236,5070546017,5741933237,6500987142,7226757680,8188949398,8471514342,9703973976,10773273773,11733406896,13004774181,14299994672,16162128114,17879443613,19555828701,20949040325,22568192362,24745398249,25745867738,27733024727,29941347791,34918471458,37950978490,36775580596,38933851135,40493660661,..
Myanmar,MMR,"GDP, PPP (current international $)",NY.GDP.MKTP.PP.CD,..,..,..,..,..,..,..,..,..,..,..,..,..,..,..,..,..,..,..,..,..,..,..,..,..,..,..,..,..,..,17581265616,18057566099,20253368819,21985392577,24134029354,26352084607,28563476259,30698147498,32864748770,36988275508,43013181680,48943084081,55696001979,64584074847,75319280589,88203816507,1.03E+11,1.18E+11,1.33E+11,1.48E+11,1.64E+11,1.77E+11,1.92E+11,2.08E+11,2.22E+11,2.33E+11,2.38E+11,2.53E+11,2.76E+11,2.89E+11,..
Namibia,NAM,"GDP, PPP (current international $)",NY.GDP.MKTP.PP.CD,..,..,..,..,..,..,..,..,..,..,..,..,..,..,..,..,..,..,..,..,..,..,..,..,..,..,..,..,..,..,5235746450,5854795413,6418734547,6467023791,6719379865,7127756964,7489903275,7940590420,8294276504,8697521631,9202475793,9515103350,10128463045,10753959102,12398463387,13108026225,14459913156,15646303467,16373306774,16546958336,17750728454,19044152170,20501646103,21686470026,23645421485,24478137476,24458367456,24147364352,24889786061,25036580984,..
Nauru,NRU,"GDP, PPP (current international $)",NY.GDP.MKTP.PP.CD,..,..,..,..,..,..,..,..,..,..,..,..,..,..,..,..,..,..,..,..,..,..,..,..,..,..,..,..,..,..,..,..,..,..,..,..,..,..,..,..,..,..,..,..,43473161.18,44827325.08,48982915.42,38801879.83,48346989.19,53144249.95,59737237.35,67083599.83,76139498.57,101192728.3,130495030.7,136775300.6,143209222.3,137544454.1,149374840.4,151979418.5,..
Nepal,NPL,"GDP, PPP (current international $)",NY.GDP.MKTP.PP.CD,..,..,..,..,..,..,..,..,..,..,..,..,..,..,..,..,..,..,..,..,..,..,..,..,..,..,..,..,..,..,14213811024,15630254443,16642922410,17693148071,19555674668,20658225705,22157367849,23677376893,24666111003,26126365882,28366459776,30380081160,30897698977,32713061170,35166828954,37523884917,39960175516,42433503851,45899690623,48346137998,51265175555,54126905679,58733969350,63246986991,69781454452,71141255940,70413965843,85624913440,93518511731,1.02E+11,..
Netherlands,NLD,"GDP, PPP (current international $)",NY.GDP.MKTP.PP.CD,..,..,..,..,..,..,..,..,..,..,..,..,..,..,..,..,..,..,..,..,..,..,..,..,..,..,..,..,..,..,2.86E+11,3.03E+11,3.15E+11,3.27E+11,3.44E+11,3.62E+11,3.80E+11,4.06E+11,4.35E+11,4.63E+11,5.08E+11,5.33E+11,5.56E+11,5.53E+11,5.83E+11,6.14E+11,6.70E+11,7.19E+11,7.63E+11,7.37E+11,7.49E+11,7.78E+11,7.92E+11,8.27E+11,8.30E+11,8.52E+11,8.90E+11,9.48E+11,9.92E+11,1.03E+12,..
New Caledonia,NCL,"GDP, PPP (current international $)",NY.GDP.MKTP.PP.CD,..,..,..,..,..,..,..,..,..,..,..,..,..,..,..,..,..,..,..,..,..,..,..,..,..,..,..,..,..,..,..,..,..,..,..,..,..,..,..,..,..,..,..,..,..,..,..,..,..,..,..,..,..,..,..,..,..,..,..,..,..
New Zealand,NZL,"GDP, PPP (current international $)",NY.GDP.MKTP.PP.CD,..,..,..,..,..,..,..,..,..,..,..,..,..,..,..,..,..,..,..,..,..,..,..,..,..,..,..,..,..,..,49471987731,50892513206,52669585172,57000804043,61865976171,65778060902,68906785241,72362062300,73785919575,78923926226,83014452837,87312570210,92024844754,96525529814,1.03E+11,1.06E+11,1.16E+11,1.24E+11,1.27E+11,1.32E+11,1.36E+11,1.44E+11,1.45E+11,1.61E+11,1.68E+11,1.72E+11,1.88E+11,1.99E+11,2.07E+11,2.16E+11,..
Nicaragua,NIC,"GDP, PPP (current international $)",NY.GDP.MKTP.PP.CD,..,..,..,..,..,..,..,..,..,..,..,..,..,..,..,..,..,..,..,..,..,..,..,..,..,..,..,..,..,..,8244258180,8506926275,8734406544,8906215334,9400009570,10164484328,11007268958,11641226286,12209199113,13256914390,14109168878,14845556425,15194074779,15866357967,17159053228,18451256036,19798970029,21362781178,22526699749,21951020427,23185868396,25165569567,26490218493,27949762383,30355645205,32944994652,35895053010,38334872386,37689138858,36859041159,..
Niger,NER,"GDP, PPP (current international $)",NY.GDP.MKTP.PP.CD,..,..,..,..,..,..,..,..,..,..,..,..,..,..,..,..,..,..,..,..,..,..,..,..,..,..,..,..,..,..,6078081042,6274362085,6546192521,6730412443,6992077754,7302082483,7463646648,7705827845,8561709030,8679111231,8779595228,9611300350,10227422402,10676433245,11002838548,12154825504,13252381898,14030620405,15415541976,15821711911,17354777267,18136272315,20473786406,20721762527,21880308874,22867371839,23719799518,25094664230,27486070288,29595316384,..
Nigeria,NGA,"GDP, PPP (current international $)",NY.GDP.MKTP.PP.CD,..,..,..,..,..,..,..,..,..,..,..,..,..,..,..,..,..,..,..,..,..,..,..,..,..,..,..,..,..,..,1.96E+11,2.03E+11,2.18E+11,2.18E+11,2.19E+11,2.23E+11,2.37E+11,2.48E+11,2.57E+11,2.63E+11,2.82E+11,3.05E+11,3.58E+11,3.91E+11,4.39E+11,4.81E+11,5.26E+11,5.76E+11,6.27E+11,6.82E+11,7.45E+11,8.01E+11,8.33E+11,8.98E+11,9.71E+11,9.83E+11,9.73E+11,9.91E+11,1.03E+12,1.07E+12,..
North Macedonia,MKD,"GDP, PPP (current international $)",NY.GDP.MKTP.PP.CD,..,..,..,..,..,..,..,..,..,..,..,..,..,..,..,..,..,..,..,..,..,..,..,..,..,..,..,..,..,..,11031877559,10701175819,10226481809,9686834555,9719737734,9812923738,10111024107,10433485223,10937030343,11547035756,12470459872,12316039707,12919254583,13352881144,14564236606,15987147517,17708627199,19089315652,21537188176,22599612140,23362616602,24064159963,24558847388,26269622338,27776075141,28759440909,31176148726,32331128567,34405256698,37116532856,..
Northern Mariana Islands,MNP,"GDP, PPP (current international $)",NY.GDP.MKTP.PP.CD,..,..,..,..,..,..,..,..,..,..,..,..,..,..,..,..,..,..,..,..,..,..,..,..,..,..,..,..,..,..,..,..,..,..,..,..,..,..,..,..,..,..,..,..,..,..,..,..,..,..,..,..,..,..,..,..,..,..,..,..,..
Norway,NOR,"GDP, PPP (current international $)",NY.GDP.MKTP.PP.CD,..,..,..,..,..,..,..,..,..,..,..,..,..,..,..,..,..,..,..,..,..,..,..,..,..,..,..,..,..,..,78158606332,83294247331,88237563481,92898287561,99678703786,1.06E+11,1.17E+11,1.26E+11,1.25E+11,1.36E+11,1.66E+11,1.71E+11,1.72E+11,1.76E+11,1.95E+11,2.21E+11,2.52E+11,2.63E+11,2.94E+11,2.68E+11,2.83E+11,3.07E+11,3.28E+11,3.40E+11,3.39E+11,3.13E+11,3.08E+11,3.32E+11,3.59E+11,3.57E+11,..
Oman,OMN,"GDP, PPP (current international $)",NY.GDP.MKTP.PP.CD,..,..,..,..,..,..,..,..,..,..,..,..,..,..,..,..,..,..,..,..,..,..,..,..,..,..,..,..,..,..,42756005314,46886767601,51990175034,56438150379,59877443578,64187676930,67353890041,72649215644,75408141138,76401413070,82328324072,87905408349,88313104336,87552340329,91071166157,96246719624,1.04E+11,1.12E+11,1.24E+11,1.32E+11,1.40E+11,1.41E+11,1.56E+11,1.59E+11,1.56E+11,1.33E+11,1.30E+11,1.36E+11,1.41E+11,1.45E+11,..
Pakistan,PAK,"GDP, PPP (current international $)",NY.GDP.MKTP.PP.CD,..,..,..,..,..,..,..,..,..,..,..,..,..,..,..,..,..,..,..,..,..,..,..,..,..,..,..,..,..,..,2.07E+11,2.25E+11,2.48E+11,2.58E+11,2.73E+11,2.93E+11,3.13E+11,3.21E+11,3.33E+11,3.51E+11,3.74E+11,3.95E+11,4.12E+11,4.44E+11,4.90E+11,5.38E+11,5.87E+11,6.32E+11,6.55E+11,6.79E+11,6.98E+11,7.32E+11,7.53E+11,7.85E+11,8.28E+11,8.72E+11,8.98E+11,9.50E+11,1.03E+12,1.06E+12,..
Palau,PLW,"GDP, PPP (current international $)",NY.GDP.MKTP.PP.CD,..,..,..,..,..,..,..,..,..,..,..,..,..,..,..,..,..,..,..,..,..,..,..,..,..,..,..,..,..,..,..,..,..,..,..,..,..,..,..,..,188945252,205459834.3,215923164.1,213695587.7,230365620,247181158.5,250854266.2,261052322.3,251267338.5,237336886.2,240796314.1,257787282.6,267568959.8,268414234.5,285453290.8,317573085.3,323603535.2,318154002.8,331215673.8,..,..
Panama,PAN,"GDP, PPP (current international $)",NY.GDP.MKTP.PP.CD,..,..,..,..,..,..,..,..,..,..,..,..,..,..,..,..,..,..,..,..,..,..,..,..,..,..,..,..,..,..,12465971896,14101418774,15605687268,16847008358,17697173595,18384751222,19485158497,21101802006,22905932480,24146876667,25357009478,26062008987,27064398754,28726339909,31718705895,35058757295,39244952269,45128629106,50540676374,51558979148,55199558082,62728208418,70433569156,79815106968,89329952505,1.00E+11,1.12E+11,1.25E+11,1.33E+11,1.39E+11,..
Papua New Guinea,PNG,"GDP, PPP (current international $)",NY.GDP.MKTP.PP.CD,..,..,..,..,..,..,..,..,..,..,..,..,..,..,..,..,..,..,..,..,..,..,..,..,..,..,..,..,..,..,6643330890,7523672290,8760834988,10600858215,11470592305,11323186709,12422252917,12143084455,11816919395,12209967618,12171489232,12423375324,12599830617,13111558518,13830943541,15166649625,16470960975,18235232455,18534820440,19946175562,22222378561,22937846466,24466489956,25848109381,29904167650,33090247873,34816198990,36733020769,37316119164,40101957741,..
Paraguay,PRY,"GDP, PPP (current international $)",NY.GDP.MKTP.PP.CD,..,..,..,..,..,..,..,..,..,..,..,..,..,..,..,..,..,..,..,..,..,..,..,..,..,..,..,..,..,..,22770977066,24363477312,25341426421,27222418095,29282298750,31936066924,33032634088,35027826572,35446172300,35466731151,35420483179,35895498870,36455475848,38736889072,41393799920,43593834857,47072097594,50957212771,55251859054,55529450973,62436669856,66449333934,64357198937,72177773898,75403947745,76729911135,81537571247,86486123430,91494315027,93061810685,..
Peru,PER,"GDP, PPP (current international $)",NY.GDP.MKTP.PP.CD,..,..,..,..,..,..,..,..,..,..,..,..,..,..,..,..,..,..,..,..,..,..,..,..,..,..,..,..,..,..,74191065309,78402198175,79755484050,85926239480,98563046471,1.08E+11,1.13E+11,1.23E+11,1.23E+11,1.27E+11,1.33E+11,1.37E+11,1.47E+11,1.56E+11,1.68E+11,1.84E+11,2.04E+11,2.27E+11,2.53E+11,2.58E+11,2.82E+11,3.07E+11,3.18E+11,3.36E+11,3.46E+11,3.53E+11,3.72E+11,3.93E+11,4.19E+11,4.35E+11,..
Philippines,PHL,"GDP, PPP (current international $)",NY.GDP.MKTP.PP.CD,..,..,..,..,..,..,..,..,..,..,..,..,..,..,..,..,..,..,..,..,..,..,..,..,..,..,..,..,..,..,1.65E+11,1.70E+11,1.74E+11,1.82E+11,1.94E+11,2.07E+11,2.23E+11,2.39E+11,2.40E+11,2.51E+11,2.68E+11,2.82E+11,2.98E+11,3.19E+11,3.49E+11,3.77E+11,4.09E+11,4.48E+11,4.76E+11,4.87E+11,5.29E+11,5.61E+11,6.12E+11,6.54E+11,7.00E+11,7.34E+11,7.99E+11,8.54E+11,9.30E+11,1.00E+12,..
Poland,POL,"GDP, PPP (current international $)",NY.GDP.MKTP.PP.CD,..,..,..,..,..,..,..,..,..,..,..,..,..,..,..,..,..,..,..,..,..,..,..,..,..,..,..,..,..,..,2.35E+11,2.26E+11,2.37E+11,2.52E+11,2.71E+11,2.96E+11,3.19E+11,3.45E+11,3.66E+11,3.87E+11,4.08E+11,4.25E+11,4.50E+11,4.68E+11,5.09E+11,5.30E+11,5.77E+11,6.40E+11,6.98E+11,7.35E+11,8.01E+11,8.70E+11,9.07E+11,9.40E+11,9.74E+11,1.02E+12,1.07E+12,1.15E+12,1.21E+12,1.30E+12,..
Portugal,PRT,"GDP, PPP (current international $)",NY.GDP.MKTP.PP.CD,..,..,..,..,..,..,..,..,..,..,..,..,..,..,..,..,..,..,..,..,..,..,..,..,..,..,..,..,..,..,1.17E+11,1.27E+11,1.31E+11,1.31E+11,1.35E+11,1.44E+11,1.50E+11,1.60E+11,1.70E+11,1.81E+11,1.94E+11,2.02E+11,2.12E+11,2.18E+11,2.25E+11,2.39E+11,2.59E+11,2.71E+11,2.82E+11,2.80E+11,2.88E+11,2.83E+11,2.78E+11,2.92E+11,2.99E+11,3.07E+11,3.26E+11,3.41E+11,3.53E+11,3.75E+11,..
Puerto Rico,PRI,"GDP, PPP (current international $)",NY.GDP.MKTP.PP.CD,..,..,..,..,..,..,..,..,..,..,..,..,..,..,..,..,..,..,..,..,..,..,..,..,..,..,..,..,..,..,47478868757,50215586713,53704048835,57529844255,61217923457,65344748548,68080800511,72634473402,77514417222,82871686657,87496409805,95060805328,97449415871,99312168339,1.11E+11,1.12E+11,1.14E+11,1.16E+11,1.16E+11,1.14E+11,1.15E+11,1.17E+11,1.18E+11,1.19E+11,1.19E+11,1.18E+11,1.17E+11,1.14E+11,1.12E+11,1.15E+11,..
Qatar,QAT,"GDP, PPP (current international $)",NY.GDP.MKTP.PP.CD,..,..,..,..,..,..,..,..,..,..,..,..,..,..,..,..,..,..,..,..,..,..,..,..,..,..,..,..,..,..,..,..,..,..,..,..,..,..,..,..,57364501554,60907973227,66315090346,70059331207,85772617323,95071309071,1.24E+11,1.50E+11,1.80E+11,2.03E+11,2.45E+11,2.84E+11,3.11E+11,3.23E+11,3.17E+11,2.39E+11,2.21E+11,2.59E+11,2.69E+11,2.73E+11,..
Romania,ROU,"GDP, PPP (current international $)",NY.GDP.MKTP.PP.CD,..,..,..,..,..,..,..,..,..,..,..,..,..,..,..,..,..,..,..,..,..,..,..,..,..,..,..,..,..,..,1.22E+11,1.10E+11,1.03E+11,1.07E+11,1.13E+11,1.23E+11,1.30E+11,1.25E+11,1.25E+11,1.26E+11,1.31E+11,1.44E+11,1.56E+11,1.63E+11,1.93E+11,2.05E+11,2.45E+11,2.86E+11,3.45E+11,3.39E+11,3.44E+11,3.61E+11,3.80E+11,3.96E+11,4.11E+11,4.29E+11,4.76E+11,5.33E+11,5.69E+11,6.25E+11,..
Russian Federation,RUS,"GDP, PPP (current international $)",NY.GDP.MKTP.PP.CD,..,..,..,..,..,..,..,..,..,..,..,..,..,..,..,..,..,..,..,..,..,..,..,..,..,..,..,..,..,..,1.19E+12,1.17E+12,1.02E+12,9.53E+11,8.51E+11,8.33E+11,8.18E+11,8.43E+11,8.07E+11,8.71E+11,1.00E+12,1.07E+12,1.17E+12,1.34E+12,1.47E+12,1.70E+12,2.13E+12,2.38E+12,2.88E+12,2.77E+12,2.93E+12,3.26E+12,3.48E+12,3.74E+12,3.76E+12,3.53E+12,3.54E+12,3.82E+12,4.22E+12,4.28E+12,..
Rwanda,RWA,"GDP, PPP (current international $)",NY.GDP.MKTP.PP.CD,..,..,..,..,..,..,..,..,..,..,..,..,..,..,..,..,..,..,..,..,..,..,..,..,..,..,..,..,..,..,4068914779,4100747764,4440513893,4177123514,2122577122,2930419342,3364417500,3896431744,4289343872,4539352063,5029305541,5575693447,6411073662,6673951130,7364064825,8305557634,9346450582,10330130667,11706464629,12532733301,13608715660,14998642814,15781381631,16761007125,19003691534,20620658419,22075471908,23665375199,26299700706,29275409706,..
Samoa,WSM,"GDP, PPP (current international $)",NY.GDP.MKTP.PP.CD,..,..,..,..,..,..,..,..,..,..,..,..,..,..,..,..,..,..,..,..,..,..,..,..,..,..,..,..,..,..,390351287.5,394270280,402448859.1,428875303.5,426898174.5,464936549.4,507438502,519509998.5,536888198,556542546.5,608350740.2,664838574,704692128.5,750190113.9,806017219.6,865669781.3,909425866.9,992899953.1,1022427284,980685875.3,996867119.9,1060162953,1036316810,1050086569,1070790254,1128476021,1232699360,1268886983,1270668955,1337723243,..
San Marino,SMR,"GDP, PPP (current international $)",NY.GDP.MKTP.PP.CD,..,..,..,..,..,..,..,..,..,..,..,..,..,..,..,..,..,..,..,..,..,..,..,..,..,..,..,..,..,..,..,..,..,..,..,..,..,1147355402,1246890392,1379357765,1440926414,1554674946,1584174584,1676088181,1799507283,1900560234,2033070988,2236105202,2268180980,2049589838,1959977347,1834547471,1748023889,1740502671,1825987816,1849863845,1925612815,1981900416,2052453878,..,..
Sao Tome and Principe,STP,"GDP, PPP (current international $)",NY.GDP.MKTP.PP.CD,..,..,..,..,..,..,..,..,..,..,..,..,..,..,..,..,..,..,..,..,..,..,..,..,..,..,..,..,..,..,..,..,..,..,..,..,..,..,..,..,..,266621126.3,277275940.6,300990375.4,320938836.4,354411739.8,398421543.3,422435544.9,465906433.7,480848654.6,518907727.2,553046562.8,556654533.4,637514713.1,747171758.4,765366018.4,790428938,810905101.7,852099898.2,887764535.6,..
Saudi Arabia,SAU,"GDP, PPP (current international $)",NY.GDP.MKTP.PP.CD,..,..,..,..,..,..,..,..,..,..,..,..,..,..,..,..,..,..,..,..,..,..,..,..,..,..,..,..,..,..,5.21E+11,6.19E+11,6.59E+11,6.65E+11,6.83E+11,6.99E+11,7.30E+11,7.51E+11,7.82E+11,7.63E+11,8.24E+11,8.32E+11,8.21E+11,9.31E+11,1.03E+12,1.12E+12,1.19E+12,1.24E+12,1.35E+12,1.33E+12,1.41E+12,1.59E+12,1.67E+12,1.68E+12,1.72E+12,1.54E+12,1.48E+12,1.57E+12,1.64E+12,1.68E+12,..
Senegal,SEN,"GDP, PPP (current international $)",NY.GDP.MKTP.PP.CD,..,..,..,..,..,..,..,..,..,..,..,..,..,..,..,..,..,..,..,..,..,..,..,..,..,..,..,..,..,..,11112619984,11782045643,12200293465,12651811664,12919736555,13898118118,14437364906,15145127109,16219005033,17497477688,18460884436,19730037152,20173356111,21921263901,23833025651,25957189384,27400997578,29526609531,31321948251,32221147966,33757939112,34965716069,37053607720,37890926634,40124398371,43317631004,46119109742,49402166473,53793913550,57616915772,..
Serbia,SRB,"GDP, PPP (current international $)",NY.GDP.MKTP.PP.CD,..,..,..,..,..,..,..,..,..,..,..,..,..,..,..,..,..,..,..,..,..,..,..,..,..,..,..,..,..,..,..,..,..,..,..,36810231281,39832282203,43439512252,45396032976,41711497550,45258794616,48657723106,54158989938,57132356827,63286953357,68319169498,75574615226,82855233151,92848457432,91847160516,93380418026,99446787610,1.00E+11,1.05E+11,1.05E+11,1.06E+11,1.11E+11,1.16E+11,1.23E+11,1.32E+11,..
Seychelles,SYC,"GDP, PPP (current international $)",NY.GDP.MKTP.PP.CD,..,..,..,..,..,..,..,..,..,..,..,..,..,..,..,..,..,..,..,..,..,..,..,..,..,..,..,..,..,..,623215886.1,662076716,725659772.4,788884665.5,799294996.9,809317169.7,864663114.2,984783938.9,1079554630,1115642394,1157854575,1156377688,1188915594,1139702075,1137023983,1278028920,1440555617,1633412360,1629434661,1623710105,1740448419,1916946267,1904257550,2012104371,2182546752,2248333252,2431429639,2611017884,2772948145,2954128696,..
Sierra Leone,SLE,"GDP, PPP (current international $)",NY.GDP.MKTP.PP.CD,..,..,..,..,..,..,..,..,..,..,..,..,..,..,..,..,..,..,..,..,..,..,..,..,..,..,..,..,..,..,3353893310,3548863643,2939619999,3050631708,3055098150,2869633426,2973427070,2846936447,2930369490,2913840472,3177161973,3040823197,3904932068,4347875139,4759522725,5128879258,5507285057,6110932419,6566100375,6827083515,7275897100,7896957783,9435032176,11988314918,12544191365,11379594528,11701373302,12300546132,13024700610,13982439173,..
Singapore,SGP,"GDP, PPP (current international $)",NY.GDP.MKTP.PP.CD,..,..,..,..,..,..,..,..,..,..,..,..,..,..,..,..,..,..,..,..,..,..,..,..,..,..,..,..,..,..,72629517014,80107776740,87373480323,99696321683,1.13E+11,1.24E+11,1.36E+11,1.49E+11,1.48E+11,1.58E+11,1.77E+11,1.78E+11,1.88E+11,2.01E+11,2.26E+11,2.50E+11,2.81E+11,3.15E+11,3.27E+11,3.30E+11,3.82E+11,4.15E+11,4.36E+11,4.48E+11,4.62E+11,4.81E+11,5.01E+11,5.33E+11,5.64E+11,5.78E+11,..
Sint Maarten (Dutch part),SXM,"GDP, PPP (current international $)",NY.GDP.MKTP.PP.CD,..,..,..,..,..,..,..,..,..,..,..,..,..,..,..,..,..,..,..,..,..,..,..,..,..,..,..,..,..,..,..,..,..,..,..,..,..,..,..,..,..,..,..,..,..,..,..,..,..,1116655944,1165817086,1244917733,1138909192,1188933090,1244103675,1262592607,1296314315,1308768468,..,..,..
Slovak Republic,SVK,"GDP, PPP (current international $)",NY.GDP.MKTP.PP.CD,..,..,..,..,..,..,..,..,..,..,..,..,..,..,..,..,..,..,..,..,..,..,..,..,..,..,..,..,..,..,..,..,37999832155,39712359933,43077430360,46550599317,50459305708,54278281462,57262506195,57813914071,61328111774,66651011241,71578545707,76117131517,81725881901,89400253225,1.02E+11,1.14E+11,1.28E+11,1.24E+11,1.36E+11,1.41E+11,1.46E+11,1.51E+11,1.57E+11,1.62E+11,1.61E+11,1.68E+11,1.77E+11,1.86E+11,..
Slovenia,SVN,"GDP, PPP (current international $)",NY.GDP.MKTP.PP.CD,..,..,..,..,..,..,..,..,..,..,..,..,..,..,..,..,..,..,..,..,..,..,..,..,..,..,..,..,..,..,24691137749,23254374705,22484939131,23672170414,25465754654,27067548089,28403008820,30340741122,31816542489,33876855927,35816494136,37762067051,40372329698,42088620439,45412642735,47716592721,51555225746,55582074448,59839627542,56221915503,57043842484,59391588538,59745699110,61744411398,63653371400,65283414435,69939494147,75734777837,80361841190,84888696324,..
Solomon Islands,SLB,"GDP, PPP (current international $)",NY.GDP.MKTP.PP.CD,..,..,..,..,..,..,..,..,..,..,..,..,..,..,..,..,..,..,..,..,..,..,..,..,..,..,..,..,..,..,381082010.6,417623892.4,481347282.1,512345816.7,571396343.9,631352151.8,653232304.8,654930002.2,674115944.9,680548594.7,596494347.1,560942431.3,553860370.9,600815591.1,647213320.5,703553257,775196609.2,854289266.3,932795274.6,895370415.1,967480307,1118021984,1191371039,1248863341,1301122671,1348467487,1407121703,1486829577,1580579584,1651462433,..
Somalia,SOM,"GDP, PPP (current international $)",NY.GDP.MKTP.PP.CD,..,..,..,..,..,..,..,..,..,..,..,..,..,..,..,..,..,..,..,..,..,..,..,..,..,..,..,..,..,..,..,..,..,..,..,..,..,..,..,..,..,..,..,..,..,..,..,..,..,..,..,..,..,..,..,..,..,..,..,..,..
South Africa,ZAF,"GDP, PPP (current international $)",NY.GDP.MKTP.PP.CD,..,..,..,..,..,..,..,..,..,..,..,..,..,..,..,..,..,..,..,..,..,..,..,..,..,..,..,..,..,..,2.36E+11,2.42E+11,2.42E+11,2.51E+11,2.64E+11,2.78E+11,2.96E+11,3.08E+11,3.13E+11,3.26E+11,3.47E+11,3.64E+11,3.84E+11,4.02E+11,4.32E+11,4.69E+11,5.10E+11,5.52E+11,5.80E+11,5.76E+11,6.00E+11,6.33E+11,6.37E+11,6.68E+11,6.83E+11,6.95E+11,7.08E+11,7.24E+11,7.47E+11,7.61E+11,..
South Sudan,SSD,"GDP, PPP (current international $)",NY.GDP.MKTP.PP.CD,..,..,..,..,..,..,..,..,..,..,..,..,..,..,..,..,..,..,..,..,..,..,..,..,..,..,..,..,..,..,..,..,..,..,..,..,..,..,..,..,..,..,..,..,..,..,..,..,25429212284,26914895403,28724297426,27963579014,15364070622,21737660650,15784928985,..,..,..,..,..,..
Spain,ESP,"GDP, PPP (current international $)",NY.GDP.MKTP.PP.CD,..,..,..,..,..,..,..,..,..,..,..,..,..,..,..,..,..,..,..,..,..,..,..,..,..,..,..,..,..,..,5.31E+11,5.63E+11,5.81E+11,5.89E+11,6.16E+11,6.46E+11,6.76E+11,7.17E+11,7.68E+11,8.06E+11,8.76E+11,9.38E+11,1.01E+12,1.06E+12,1.12E+12,1.21E+12,1.36E+12,1.47E+12,1.53E+12,1.49E+12,1.48E+12,1.49E+12,1.48E+12,1.51E+12,1.56E+12,1.62E+12,1.73E+12,1.84E+12,1.89E+12,1.99E+12,..
Sri Lanka,LKA,"GDP, PPP (current international $)",NY.GDP.MKTP.PP.CD,..,..,..,..,..,..,..,..,..,..,..,..,..,..,..,..,..,..,..,..,..,..,..,..,..,..,..,..,..,..,39966574542,43218775910,46148650806,50501772445,54468624524,58669377754,62013870588,67123965400,71068723507,75195282933,81488854986,81989294207,86588197086,93435315263,1.01E+11,1.11E+11,1.23E+11,1.35E+11,1.46E+11,1.52E+11,1.66E+11,1.84E+11,2.11E+11,2.23E+11,2.34E+11,2.42E+11,2.59E+11,2.70E+11,2.85E+11,2.97E+11,..
St. Kitts and Nevis,KNA,"GDP, PPP (current international $)",NY.GDP.MKTP.PP.CD,..,..,..,..,..,..,..,..,..,..,..,..,..,..,..,..,..,..,..,..,..,..,..,..,..,..,..,..,..,..,376840196.6,382321326.7,407726748,445778174,479433218,515835685.5,555973106.6,604151934.9,607980963.9,636614872.8,718581057.7,774858155,806553922.3,793236775.2,847647739.2,958792818.7,996810090.7,1029734878,1114020579,1077069144,1082992637,1125824417,1071915688,1114932893,1216102006,1224877737,1286866302,1319627892,1390262450,1449932999,..
St. Lucia,LCA,"GDP, PPP (current international $)",NY.GDP.MKTP.PP.CD,..,..,..,..,..,..,..,..,..,..,..,..,..,..,..,..,..,..,..,..,..,..,..,..,..,..,..,..,..,..,941929858.5,977441903.3,1079225166,1111238203,1153110487,1197870914,1255454165,1268238339,1363137418,1419748060,1452193741,1433469268,1462207470,1552877553,1710576540,1756622825,1921902447,2006914708,2147212586,2102376304,2160986391,2327098353,2310598112,2394492626,2453553259,2427470200,2572788672,2704509821,2841396894,2940920679,..
St. Martin (French part),MAF,"GDP, PPP (current international $)",NY.GDP.MKTP.PP.CD,..,..,..,..,..,..,..,..,..,..,..,..,..,..,..,..,..,..,..,..,..,..,..,..,..,..,..,..,..,..,..,..,..,..,..,..,..,..,..,..,..,..,..,..,..,..,..,..,..,..,..,..,..,..,..,..,..,..,..,..,..
St. Vincent and the Grenadines,VCT,"GDP, PPP (current international $)",NY.GDP.MKTP.PP.CD,..,..,..,..,..,..,..,..,..,..,..,..,..,..,..,..,..,..,..,..,..,..,..,..,..,..,..,..,..,..,402176217.8,420498991.1,457508535.1,488257784.9,492461673.5,541841369.9,558864528.6,588432198.7,619389802.8,645366154.4,670608339.6,697031517.8,752817766.6,825763498.4,883239878.2,933411852.4,1035594606,1098958802,1138086391,1122691343,1097686056,1115916963,1133921975,1185007912,1231232172,1270683570,1363525741,1344833245,1406344090,1435765529,..
Sudan,SDN,"GDP, PPP (current international $)",NY.GDP.MKTP.PP.CD,..,..,..,..,..,..,..,..,..,..,..,..,..,..,..,..,..,..,..,..,..,..,..,..,..,..,..,..,..,..,28988317217,32219548390,35121457820,37596212651,38785416110,41973450290,45271949246,50918873053,53710509245,56177280472,61077738366,66474791065,71866362708,78862787151,84130873608,93248962133,1.06E+11,1.21E+11,1.33E+11,1.38E+11,1.40E+11,1.48E+11,1.48E+11,1.55E+11,1.80E+11,1.96E+11,1.76E+11,1.78E+11,1.78E+11,1.76E+11,..
Suriname,SUR,"GDP, PPP (current international $)",NY.GDP.MKTP.PP.CD,..,..,..,..,..,..,..,..,..,..,..,..,..,..,..,..,..,..,..,..,..,..,..,..,..,..,..,..,..,..,2680899422,2846393009,2922904738,2791682100,2948239106,3010058706,3095825562,3328714611,3443602155,3444414506,3595363147,3828542195,3997995513,4328793310,4823186977,5197230696,5664725377,6114225612,6491420321,6738030908,7168881187,7746725932,8543650775,9202825864,9550173377,8986667214,8025092594,9322731242,9792623341,9886478960,..
Sweden,SWE,"GDP, PPP (current international $)",NY.GDP.MKTP.PP.CD,..,..,..,..,..,..,..,..,..,..,..,..,..,..,..,..,..,..,..,..,..,..,..,..,..,..,..,..,..,..,1.74E+11,1.78E+11,1.80E+11,1.81E+11,1.92E+11,2.04E+11,2.11E+11,2.19E+11,2.29E+11,2.43E+11,2.63E+11,2.66E+11,2.76E+11,2.85E+11,3.04E+11,3.09E+11,3.42E+11,3.74E+11,3.89E+11,3.75E+11,3.96E+11,4.22E+11,4.32E+11,4.45E+11,4.58E+11,4.81E+11,5.00E+11,5.30E+11,5.47E+11,5.74E+11,..
Switzerland,CHE,"GDP, PPP (current international $)",NY.GDP.MKTP.PP.CD,..,..,..,..,..,..,..,..,..,..,..,..,..,..,..,..,..,..,..,..,..,..,..,..,..,..,..,..,..,..,1.85E+11,1.90E+11,1.94E+11,1.98E+11,2.05E+11,2.10E+11,2.16E+11,2.25E+11,2.34E+11,2.42E+11,2.57E+11,2.66E+11,2.75E+11,2.77E+11,2.89E+11,3.02E+11,3.38E+11,3.76E+11,4.02E+11,4.01E+11,4.16E+11,4.45E+11,4.63E+11,4.86E+11,5.07E+11,5.30E+11,5.50E+11,5.67E+11,5.91E+11,6.09E+11,..
Syrian Arab Republic,SYR,"GDP, PPP (current international $)",NY.GDP.MKTP.PP.CD,..,..,..,..,..,..,..,..,..,..,..,..,..,..,..,..,..,..,..,..,..,..,..,..,..,..,..,..,..,..,..,..,..,..,..,..,..,..,..,..,..,..,..,..,..,..,..,..,..,..,..,..,..,..,..,..,..,..,..,..,..
Tajikistan,TJK,"GDP, PPP (current international $)",NY.GDP.MKTP.PP.CD,..,..,..,..,..,..,..,..,..,..,..,..,..,..,..,..,..,..,..,..,..,..,..,..,..,..,..,..,..,..,13955966341,13403540620,9733386327,8329901950,6695620594,5987234628,5078686759,5253091229,5594446841,5885177286,6517591789,7298686712,8217670518,9285027299,10523815060,11572639724,12763228776,14123135122,15536794781,16264670006,17527119634,19217458990,21658600564,24403521791,27259901286,25291523268,26832854442,27435856244,30133335841,32808324374,..
Tanzania,TZA,"GDP, PPP (current international $)",NY.GDP.MKTP.PP.CD,..,..,..,..,..,..,..,..,..,..,..,..,..,..,..,..,..,..,..,..,..,..,..,..,..,..,..,..,..,..,23515090019,24814019727,25527806588,26447739360,27435963379,29011226149,30884947060,32525079461,34110928206,36286486301,38774766793,42030836066,45724150999,49681029906,54846885948,60783592210,66713702942,73142659520,78805478986,83590251565,89922723311,98844247282,95918398596,1.03E+11,1.09E+11,1.17E+11,1.28E+11,1.34E+11,1.45E+11,1.56E+11,..
Thailand,THA,"GDP, PPP (current international $)",NY.GDP.MKTP.PP.CD,..,..,..,..,..,..,..,..,..,..,..,..,..,..,..,..,..,..,..,..,..,..,..,..,..,..,..,..,..,..,2.44E+11,2.74E+11,3.03E+11,3.35E+11,3.70E+11,4.08E+11,4.39E+11,4.34E+11,4.06E+11,4.31E+11,4.60E+11,4.86E+11,5.24E+11,5.72E+11,6.25E+11,6.71E+11,7.26E+11,7.86E+11,8.15E+11,8.15E+11,8.87E+11,9.13E+11,1.01E+12,1.05E+12,1.06E+12,1.09E+12,1.15E+12,1.21E+12,1.29E+12,1.34E+12,..
Timor-Leste,TLS,"GDP, PPP (current international $)",NY.GDP.MKTP.PP.CD,..,..,..,..,..,..,..,..,..,..,..,..,..,..,..,..,..,..,..,..,..,..,..,..,..,..,..,..,..,..,..,..,..,..,..,..,..,..,..,..,1121554087,1333524347,1263848756,1259226876,1298300447,1379157874,1362500741,1542197945,1750471816,1939990807,2148242869,2320465592,2628629833,2863828237,3195420997,3489401874,3829629912,3935914957,3997371587,4205929511,..
Togo,TGO,"GDP, PPP (current international $)",NY.GDP.MKTP.PP.CD,..,..,..,..,..,..,..,..,..,..,..,..,..,..,..,..,..,..,..,..,..,..,..,..,..,..,..,..,..,..,3145799111,3229418132,3171530985,2756561221,3237242769,3564436641,3950430776,4596313995,4541147118,4721039505,4788761887,4934097248,5203938768,5656788985,5752230275,5654631633,5980142492,6068624170,6437984956,6846312814,7348529661,7982028403,8312518982,8869531773,9481974533,10232891545,10917574690,11674937853,12537214185,13433477010,..
Tonga,TON,"GDP, PPP (current international $)",NY.GDP.MKTP.PP.CD,..,..,..,..,..,..,..,..,..,..,..,..,..,..,..,..,..,..,..,..,..,..,..,..,..,..,..,..,..,..,220696580.1,242796325.8,248955185.8,264380181.4,283398794.6,300081167.6,305606963.7,310467760.5,322498181,339853588.9,359159468.2,380257273.1,399478206.6,415476650.6,425162787.1,445342689.6,455093036,447850679.9,470713194.5,485166090.9,508418596.7,533494964.6,548567513.1,540775375.6,562426453.5,589540362.7,616128365.3,644791264,661986332.5,..,..
Trinidad and Tobago,TTO,"GDP, PPP (current international $)",NY.GDP.MKTP.PP.CD,..,..,..,..,..,..,..,..,..,..,..,..,..,..,..,..,..,..,..,..,..,..,..,..,..,..,..,..,..,..,8620913820,9189843921,10347938646,10522230250,11130281754,11796610748,12869647306,14076430161,15391383834,16866568502,18433660293,19623254953,21515724140,25080076591,27802843914,30448919823,35513782837,38201536912,40265505814,38790636866,40546766248,41271904854,40429583658,40692077547,40459460683,37698280771,36188728896,36605373316,37377267876,38028095615,..
Tunisia,TUN,"GDP, PPP (current international $)",NY.GDP.MKTP.PP.CD,..,..,..,..,..,..,..,..,..,..,..,..,..,..,..,..,..,..,..,..,..,..,..,..,..,..,..,..,..,..,29786923935,31996620168,35280280558,36907051595,38893264090,40642609875,44344321969,47563346207,50399608105,54222849273,58045897450,61570952609,63372054713,67584290804,73731681385,78679137474,85311080583,93480587703,99337463353,1.03E+11,1.08E+11,1.08E+11,1.11E+11,1.12E+11,1.16E+11,1.14E+11,1.17E+11,1.21E+11,1.27E+11,1.31E+11,..
Turkey,TUR,"GDP, PPP (current international $)",NY.GDP.MKTP.PP.CD,..,..,..,..,..,..,..,..,..,..,..,..,..,..,..,..,..,..,..,..,..,..,..,..,..,..,..,..,..,..,4.59E+11,4.79E+11,5.20E+11,5.75E+11,5.55E+11,6.07E+11,6.61E+11,7.22E+11,5.58E+11,5.45E+11,6.06E+11,5.92E+11,6.08E+11,6.35E+11,7.28E+11,8.07E+11,9.36E+11,1.03E+12,1.13E+12,1.11E+12,1.26E+12,1.44E+12,1.54E+12,1.69E+12,1.85E+12,2.01E+12,2.10E+12,2.27E+12,2.32E+12,2.33E+12,..
Turkmenistan,TKM,"GDP, PPP (current international $)",NY.GDP.MKTP.PP.CD,..,..,..,..,..,..,..,..,..,..,..,..,..,..,..,..,..,..,..,..,..,..,..,..,..,..,..,..,..,..,20028424640,19752183336,17178841369,17849644143,15076898401,14284730663,15520888676,13988637095,15150453939,17905114091,19306511216,20587025239,20966446360,22053898151,23780109940,27716902357,31689174538,36139178195,42257926348,45177464552,49908653557,58441023273,63516102658,68363227535,73746160883,76192141990,78516288827,81787812382,88908253419,..,..
Turks and Caicos Islands,TCA,"GDP, PPP (current international $)",NY.GDP.MKTP.PP.CD,..,..,..,..,..,..,..,..,..,..,..,..,..,..,..,..,..,..,..,..,..,..,..,..,..,..,..,..,..,..,..,..,..,..,..,..,..,..,..,..,..,..,..,..,..,..,..,..,..,..,..,708657978.3,649634667.9,686339691.8,763377487.2,822351717.1,886813788.4,945594300.7,1019033110,..,..
Tuvalu,TUV,"GDP, PPP (current international $)",NY.GDP.MKTP.PP.CD,..,..,..,..,..,..,..,..,..,..,..,..,..,..,..,..,..,..,..,..,..,..,..,..,..,..,..,..,..,..,13751039.24,14729147.06,15484948.3,16503449.88,18589231.32,18029223.17,17264877.01,19319416.39,22565312.07,22533141.6,22813268.45,23694630.77,25967580.39,25568108.57,25901421.44,25698736.59,27042747.53,29532691.64,32510673.05,31306381.73,30806737.5,33814047.79,33140653.31,35265651.5,36417218.52,40171835.34,41843559.77,44384557.4,46567693.63,52002079.42,..
Uganda,UGA,"GDP, PPP (current international $)",NY.GDP.MKTP.PP.CD,..,..,..,..,..,..,..,..,..,..,..,..,..,..,..,..,..,..,..,..,..,..,..,..,..,..,..,..,..,..,11616317383,12676152673,13408221595,14868758525,16158735788,18398610952,20435200786,21847750712,23177403877,25405687593,26789692475,28796451063,31806422907,34494246446,37834224513,41483245881,47347864049,52709861003,58414797030,62863503652,67181317651,75025906729,69033111640,71315937931,76461632523,80712818759,82292610394,85406362066,92802563985,1.01E+11,..
Ukraine,UKR,"GDP, PPP (current international $)",NY.GDP.MKTP.PP.CD,..,..,..,..,..,..,..,..,..,..,..,..,..,..,..,..,..,..,..,..,..,..,..,..,..,..,..,..,..,..,3.79E+11,3.59E+11,3.32E+11,2.91E+11,2.29E+11,2.05E+11,1.88E+11,1.86E+11,1.84E+11,1.87E+11,2.02E+11,2.25E+11,2.41E+11,2.69E+11,3.09E+11,3.29E+11,3.64E+11,4.02E+11,4.19E+11,3.60E+11,3.78E+11,4.07E+11,4.26E+11,4.86E+11,4.62E+11,4.35E+11,4.76E+11,5.04E+11,5.34E+11,5.61E+11,..
United Arab Emirates,ARE,"GDP, PPP (current international $)",NY.GDP.MKTP.PP.CD,..,..,..,..,..,..,..,..,..,..,..,..,..,..,..,..,..,..,..,..,..,..,..,..,..,..,..,..,..,..,1.59E+11,1.66E+11,1.76E+11,1.82E+11,1.99E+11,2.17E+11,2.33E+11,2.57E+11,2.61E+11,2.72E+11,3.08E+11,3.19E+11,3.32E+11,3.68E+11,4.14E+11,4.48E+11,5.07E+11,5.37E+11,5.65E+11,5.40E+11,5.55E+11,6.06E+11,6.32E+11,6.47E+11,6.78E+11,6.01E+11,5.99E+11,6.37E+11,6.60E+11,6.83E+11,..
United Kingdom,GBR,"GDP, PPP (current international $)",NY.GDP.MKTP.PP.CD,..,..,..,..,..,..,..,..,..,..,..,..,..,..,..,..,..,..,..,..,..,..,..,..,..,..,..,..,..,..,9.63E+11,9.85E+11,1.01E+12,1.06E+12,1.13E+12,1.19E+12,1.27E+12,1.34E+12,1.38E+12,1.43E+12,1.56E+12,1.64E+12,1.73E+12,1.81E+12,1.92E+12,1.97E+12,2.12E+12,2.18E+12,2.27E+12,2.18E+12,2.28E+12,2.35E+12,2.44E+12,2.56E+12,2.67E+12,2.77E+12,2.90E+12,3.04E+12,3.12E+12,3.26E+12,..
United States,USA,"GDP, PPP (current international $)",NY.GDP.MKTP.PP.CD,..,..,..,..,..,..,..,..,..,..,..,..,..,..,..,..,..,..,..,..,..,..,..,..,..,..,..,..,..,..,5.96E+12,6.16E+12,6.52E+12,6.86E+12,7.29E+12,7.64E+12,8.07E+12,8.58E+12,9.06E+12,9.63E+12,1.03E+13,1.06E+13,1.09E+13,1.15E+13,1.22E+13,1.30E+13,1.38E+13,1.45E+13,1.47E+13,1.44E+13,1.50E+13,1.55E+13,1.62E+13,1.68E+13,1.75E+13,1.82E+13,1.87E+13,1.95E+13,2.05E+13,2.14E+13,..
Uruguay,URY,"GDP, PPP (current international $)",NY.GDP.MKTP.PP.CD,..,..,..,..,..,..,..,..,..,..,..,..,..,..,..,..,..,..,..,..,..,..,..,..,..,..,..,..,..,..,19870440034,21269366311,23479519428,24674577917,27036479254,27203802237,29247113212,32294507336,34133767220,33955108649,34044207080,33453532343,31355144060,32194625996,34715817775,38467713556,41256166312,45135695247,49315649642,51800267961,56493159592,60650417084,61471427261,64840118781,68327142922,68982579038,70776165923,73285946716,76230579377,77732052861,..
Uzbekistan,UZB,"GDP, PPP (current international $)",NY.GDP.MKTP.PP.CD,..,..,..,..,..,..,..,..,..,..,..,..,..,..,..,..,..,..,..,..,..,..,..,..,..,..,..,..,..,..,51141482293,52610837135,47783093442,47790159043,46272505627,46817577132,48485293378,51886080655,54726282066,57903628144,61468294110,65432135005,69108179330,73370997472,80958846732,89282580571,98838600791,1.11E+11,1.23E+11,1.34E+11,1.46E+11,1.61E+11,1.70E+11,1.80E+11,1.89E+11,1.99E+11,2.06E+11,2.11E+11,2.28E+11,2.45E+11,..
Vanuatu,VUT,"GDP, PPP (current international $)",NY.GDP.MKTP.PP.CD,..,..,..,..,..,..,..,..,..,..,..,..,..,..,..,..,..,..,..,..,..,..,..,..,..,..,..,..,..,..,242576330.7,258652449.8,271404001.6,279920136.7,311789475.7,321547882.9,335059713.2,357583614.5,377162748.9,383889164.8,415713210.9,410011287.5,395208638,419831161.7,448313536.3,486792177,543978271,587489826,637538585.7,663680352,682351771,705126498.6,731260266.3,758745551.3,790915104.2,800674598.8,837529909.7,891109365.4,937671085.5,981788161.3,..
"Venezuela, RB",VEN,"GDP, PPP (current international $)",NY.GDP.MKTP.PP.CD,..,..,..,..,..,..,..,..,..,..,..,..,..,..,..,..,..,..,..,..,..,..,..,..,..,..,..,..,..,..,1.88E+11,2.14E+11,2.32E+11,2.38E+11,2.37E+11,2.52E+11,2.56E+11,2.77E+11,2.81E+11,2.68E+11,2.84E+11,3.00E+11,2.78E+11,2.61E+11,3.17E+11,3.61E+11,4.09E+11,4.56E+11,4.90E+11,4.78E+11,4.76E+11,5.06E+11,..,..,..,..,..,..,..,..,..
Vietnam,VNM,"GDP, PPP (current international $)",NY.GDP.MKTP.PP.CD,..,..,..,..,..,..,..,..,..,..,..,..,..,..,..,..,..,..,..,..,..,..,..,..,..,..,..,..,..,..,62391627535,68346397260,75947877644,84023625505,93403271392,1.04E+11,1.16E+11,1.28E+11,1.37E+11,1.45E+11,1.59E+11,1.72E+11,1.86E+11,2.03E+11,2.24E+11,2.48E+11,2.74E+11,3.01E+11,3.24E+11,3.44E+11,3.71E+11,4.02E+11,4.53E+11,4.86E+11,5.27E+11,5.66E+11,6.15E+11,6.77E+11,7.42E+11,8.08E+11,..
Virgin Islands (U.S.),VIR,"GDP, PPP (current international $)",NY.GDP.MKTP.PP.CD,..,..,..,..,..,..,..,..,..,..,..,..,..,..,..,..,..,..,..,..,..,..,..,..,..,..,..,..,..,..,..,..,..,..,..,..,..,..,..,..,..,..,..,..,..,..,..,..,..,..,..,..,..,..,..,..,..,..,..,..,..
West Bank and Gaza,PSE,"GDP, PPP (current international $)",NY.GDP.MKTP.PP.CD,..,..,..,..,..,..,..,..,..,..,..,..,..,..,..,..,..,..,..,..,..,..,..,..,..,..,..,..,..,..,..,..,..,..,5001055242,5469384375,5637208683,6575495943,7602657997,8351047377,7807228828,7235627665,6432112793,7469821544,8464334116,9670508471,9574535114,10479703412,11333031638,12408641040,13569930327,15573102867,18432298926,19279333607,20901638684,23061296525,23997609418,25636419342,26478917180,..,..
"Yemen, Rep.",YEM,"GDP, PPP (current international $)",NY.GDP.MKTP.PP.CD,..,..,..,..,..,..,..,..,..,..,..,..,..,..,..,..,..,..,..,..,..,..,..,..,..,..,..,..,..,..,24223711574,26618971582,29460160865,31365073856,34188202417,36883969440,39300188797,42069165318,45098070172,47476472560,51538362592,54672153424,57722444377,60997665592,65128343293,70912306889,75374504281,79983192647,84513161737,88449830197,96372554585,85876118856,85440864870,92755610680,..,..,..,..,..,..,..
Zambia,ZMB,"GDP, PPP (current international $)",NY.GDP.MKTP.PP.CD,..,..,..,..,..,..,..,..,..,..,..,..,..,..,..,..,..,..,..,..,..,..,..,..,..,..,..,..,..,..,11860115566,12256765312,12319095875,13468171960,12569272619,13204681953,14282638353,15083061254,15193987009,16130108720,17133388741,18440137764,19575875392,21324205430,23438273132,25917087574,28811788095,32056884231,35220975666,38761736728,43251692414,46612238753,49508703940,53419766453,54506424701,54472616764,55712228844,58735138124,62546879800,64723003601,..
Zimbabwe,ZWE,"GDP, PPP (current international $)",NY.GDP.MKTP.PP.CD,..,..,..,..,..,..,..,..,..,..,..,..,..,..,..,..,..,..,..,..,..,..,..,..,..,..,..,..,..,..,18504395060,20188407783,18786904634,19434235783,21682346215,22171970550,24917178710,26026294453,27078591122,27244900971,27001848458,27991362954,25905182627,21901900825,21185341335,20597651852,20486415785,20268197240,17011604888,19201600822,23247347489,27101598206,31160636694,34187291083,35494681435,37016438435,39375709106,43112365756,46261004505,43255157063,..
,,,,,,,,,,,,,,,,,,,,,,,,,,,,,,,,,,,,,,,,,,,,,,,,,,,,,,,,,,,,,,,,
,,,,,,,,,,,,,,,,,,,,,,,,,,,,,,,,,,,,,,,,,,,,,,,,,,,,,,,,,,,,,,,,
,,,,,,,,,,,,,,,,,,,,,,,,,,,,,,,,,,,,,,,,,,,,,,,,,,,,,,,,,,,,,,,,
Data from database: World Development Indicators,,,,,,,,,,,,,,,,,,,,,,,,,,,,,,,,,,,,,,,,,,,,,,,,,,,,,,,,,,,,,,,,
Last Updated: 10/15/2020,,,,,,,,,,,,,,,,,,,,,,,,,,,,,,,,,,,,,,,,,,,,,,,,,,,,,,,,,,,,,,,,
